Filename,Prediction
rotated_image(0001-1).jpg,Not Jaundice
rotated_image(0001-2).jpg,Not Jaundice
rotated_image(0001-3).jpg,Not Jaundice
rotated_image(0002-1).jpg,Not Jaundice
rotated_image(0002-2).jpg,Jaundice
rotated_image(0002-3).jpg,Jaundice
rotated_image(0003-1).jpg,Not Jaundice
rotated_image(0003-2).jpg,Not Jaundice
rotated_image(0003-3).jpg,Not Jaundice
rotated_image(0005-1).jpg,Not Jaundice
rotated_image(0005-2).jpg,Not Jaundice
rotated_image(0005-3).jpg,Not Jaundice
rotated_image(0006-1).jpg,Not Jaundice
rotated_image(0006-2).jpg,Not Jaundice
rotated_image(0006-3).jpg,Not Jaundice
rotated_image(0008-1).jpg,Not Jaundice
rotated_image(0008-2).jpg,Not Jaundice
rotated_image(0008-3).jpg,Not Jaundice
rotated_image(0009-1).jpg,Not Jaundice
rotated_image(0009-2).jpg,Not Jaundice
rotated_image(0009-3).jpg,Not Jaundice
rotated_image(0010-1).jpg,Not Jaundice
rotated_image(0010-2).jpg,Not Jaundice
rotated_image(0010-3).jpg,Not Jaundice
rotated_image(0011-1).jpg,Not Jaundice
rotated_image(0011-2).jpg,Not Jaundice
rotated_image(0011-3).jpg,Not Jaundice
rotated_image(0012-1).jpg,Not Jaundice
rotated_image(0012-2).jpg,Not Jaundice
rotated_image(0012-3).jpg,Not Jaundice
rotated_image(0013-1).jpg,Not Jaundice
rotated_image(0013-2).jpg,Not Jaundice
rotated_image(0013-3).jpg,Not Jaundice
rotated_image(0014-1).jpg,Not Jaundice
rotated_image(0014-2).jpg,Not Jaundice
rotated_image(0014-3).jpg,Not Jaundice
rotated_image(0015-1).jpg,Not Jaundice
rotated_image(0015-2).jpg,Not Jaundice
rotated_image(0015-3).jpg,Not Jaundice
rotated_image(0016-1).jpg,Not Jaundice
rotated_image(0016-2).jpg,Not Jaundice
rotated_image(0016-3).jpg,Not Jaundice
rotated_image(0019-1).jpg,Not Jaundice
rotated_image(0019-2).jpg,Not Jaundice
rotated_image(0019-3).jpg,Not Jaundice
rotated_image(0022-1).jpg,Not Jaundice
rotated_image(0022-2).jpg,Not Jaundice
rotated_image(0022-3).jpg,Not Jaundice
rotated_image(0023-1).jpg,Not Jaundice
rotated_image(0023-2).jpg,Not Jaundice
rotated_image(0023-3).jpg,Not Jaundice
rotated_image(0028-1).jpg,Not Jaundice
rotated_image(0028-2).jpg,Not Jaundice
rotated_image(0028-3).jpg,Not Jaundice
rotated_image(0029-1).jpg,Not Jaundice
rotated_image(0029-2).jpg,Not Jaundice
rotated_image(0029-3).jpg,Not Jaundice
rotated_image(0032-1).jpg,Not Jaundice
rotated_image(0032-2).jpg,Not Jaundice
rotated_image(0032-3).jpg,Not Jaundice
rotated_image(0033-1).jpg,Not Jaundice
rotated_image(0033-2).jpg,Not Jaundice
rotated_image(0033-3).jpg,Not Jaundice
rotated_image(0035-1).jpg,Not Jaundice
rotated_image(0035-2).jpg,Not Jaundice
rotated_image(0035-3).jpg,Not Jaundice
rotated_image(0037-1).jpg,Not Jaundice
rotated_image(0037-2).jpg,Not Jaundice
rotated_image(0037-3).jpg,Not Jaundice
rotated_image(0038-1).jpg,Not Jaundice
rotated_image(0038-2).jpg,Not Jaundice
rotated_image(0038-3).jpg,Not Jaundice
rotated_image(0039-1).jpg,Not Jaundice
rotated_image(0039-2).jpg,Not Jaundice
rotated_image(0039-3).jpg,Not Jaundice
rotated_image(0040-1).jpg,Not Jaundice
rotated_image(0040-2).jpg,Not Jaundice
rotated_image(0040-3).jpg,Not Jaundice
rotated_image(0044-1).jpg,Jaundice
rotated_image(0044-2).jpg,Not Jaundice
rotated_image(0044-3).jpg,Not Jaundice
rotated_image(0046-1).jpg,Not Jaundice
rotated_image(0046-2).jpg,Not Jaundice
rotated_image(0046-3).jpg,Not Jaundice
rotated_image(0052-1).jpg,Not Jaundice
rotated_image(0052-2).jpg,Not Jaundice
rotated_image(0052-3).jpg,Not Jaundice
rotated_image(0055-1).jpg,Not Jaundice
rotated_image(0055-2).jpg,Not Jaundice
rotated_image(0055-3).jpg,Not Jaundice
rotated_image(0056-1).jpg,Jaundice
rotated_image(0056-2).jpg,Not Jaundice
rotated_image(0056-3).jpg,Not Jaundice
rotated_image(0057-1).jpg,Not Jaundice
rotated_image(0057-2).jpg,Not Jaundice
rotated_image(0057-3).jpg,Not Jaundice
rotated_image(0058-1).jpg,Not Jaundice
rotated_image(0058-2).jpg,Not Jaundice
rotated_image(0058-3).jpg,Not Jaundice
rotated_image(0065-1).jpg,Not Jaundice
rotated_image(0065-2).jpg,Not Jaundice
rotated_image(0065-3).jpg,Not Jaundice
rotated_image(0066-1).jpg,Not Jaundice
rotated_image(0066-2).jpg,Not Jaundice
rotated_image(0066-3).jpg,Not Jaundice
rotated_image(0068-1).jpg,Not Jaundice
rotated_image(0068-2).jpg,Not Jaundice
rotated_image(0068-3).jpg,Not Jaundice
rotated_image(0071-1).jpg,Not Jaundice
rotated_image(0071-2).jpg,Not Jaundice
rotated_image(0071-3).jpg,Not Jaundice
rotated_image(0076-1).jpg,Not Jaundice
rotated_image(0076-2).jpg,Not Jaundice
rotated_image(0076-3).jpg,Not Jaundice
rotated_image(0077-1).jpg,Not Jaundice
rotated_image(0077-2).jpg,Not Jaundice
rotated_image(0077-3).jpg,Not Jaundice
rotated_image(0078-1).jpg,Not Jaundice
rotated_image(0078-2).jpg,Not Jaundice
rotated_image(0078-3).jpg,Not Jaundice
rotated_image(0079-1).jpg,Not Jaundice
rotated_image(0079-2).jpg,Not Jaundice
rotated_image(0079-3).jpg,Not Jaundice
rotated_image(0080-1).jpg,Not Jaundice
rotated_image(0080-2).jpg,Not Jaundice
rotated_image(0080-3).jpg,Not Jaundice
rotated_image(0083-1).jpg,Not Jaundice
rotated_image(0083-2).jpg,Not Jaundice
rotated_image(0083-3).jpg,Not Jaundice
rotated_image(0084-1).jpg,Not Jaundice
rotated_image(0084-2).jpg,Not Jaundice
rotated_image(0084-3).jpg,Not Jaundice
rotated_image(0086-1).jpg,Not Jaundice
rotated_image(0086-2).jpg,Not Jaundice
rotated_image(0086-3).jpg,Not Jaundice
rotated_image(0087-1).jpg,Not Jaundice
rotated_image(0087-2).jpg,Not Jaundice
rotated_image(0087-3).jpg,Not Jaundice
rotated_image(0088-1).jpg,Not Jaundice
rotated_image(0088-2).jpg,Not Jaundice
rotated_image(0088-3).jpg,Not Jaundice
rotated_image(0095-1).jpg,Not Jaundice
rotated_image(0095-2).jpg,Not Jaundice
rotated_image(0095-3).jpg,Not Jaundice
rotated_image(0097-1).jpg,Not Jaundice
rotated_image(0097-2).jpg,Jaundice
rotated_image(0097-3).jpg,Not Jaundice
rotated_image(0098-1).jpg,Not Jaundice
rotated_image(0098-2).jpg,Not Jaundice
rotated_image(0098-3).jpg,Not Jaundice
rotated_image(0099-1).jpg,Not Jaundice
rotated_image(0099-2).jpg,Not Jaundice
rotated_image(0099-3).jpg,Jaundice
rotated_image(0100-1).jpg,Not Jaundice
rotated_image(0100-2).jpg,Not Jaundice
rotated_image(0100-3).jpg,Not Jaundice
rotated_image(0101-1).jpg,Not Jaundice
rotated_image(0101-2).jpg,Not Jaundice
rotated_image(0101-3).jpg,Not Jaundice
rotated_image(0102-1).jpg,Not Jaundice
rotated_image(0102-2).jpg,Not Jaundice
rotated_image(0102-3).jpg,Not Jaundice
rotated_image(0103-1).jpg,Not Jaundice
rotated_image(0103-2).jpg,Not Jaundice
rotated_image(0103-3).jpg,Not Jaundice
rotated_image(0104-1).jpg,Not Jaundice
rotated_image(0104-2).jpg,Jaundice
rotated_image(0104-3).jpg,Not Jaundice
rotated_image(0108-1).jpg,Not Jaundice
rotated_image(0108-2).jpg,Not Jaundice
rotated_image(0108-3).jpg,Not Jaundice
rotated_image(0109-1).jpg,Not Jaundice
rotated_image(0109-2).jpg,Jaundice
rotated_image(0109-3).jpg,Not Jaundice
rotated_image(0110-1).jpg,Not Jaundice
rotated_image(0110-2).jpg,Not Jaundice
rotated_image(0110-3).jpg,Not Jaundice
rotated_image(0113-1).jpg,Not Jaundice
rotated_image(0113-2).jpg,Not Jaundice
rotated_image(0113-3).jpg,Not Jaundice
rotated_image(0114-1).jpg,Not Jaundice
rotated_image(0114-2).jpg,Not Jaundice
rotated_image(0114-3).jpg,Not Jaundice
rotated_image(0115-1).jpg,Not Jaundice
rotated_image(0115-2).jpg,Not Jaundice
rotated_image(0115-3).jpg,Not Jaundice
rotated_image(0116-1).jpg,Not Jaundice
rotated_image(0116-2).jpg,Not Jaundice
rotated_image(0116-3).jpg,Not Jaundice
rotated_image(0117-1).jpg,Not Jaundice
rotated_image(0117-2).jpg,Not Jaundice
rotated_image(0117-3).jpg,Not Jaundice
rotated_image(0118-1).jpg,Not Jaundice
rotated_image(0118-2).jpg,Not Jaundice
rotated_image(0118-3).jpg,Not Jaundice
rotated_image(0119-1).jpg,Not Jaundice
rotated_image(0119-2).jpg,Jaundice
rotated_image(0119-3).jpg,Not Jaundice
rotated_image(0122-1).jpg,Not Jaundice
rotated_image(0122-2).jpg,Not Jaundice
rotated_image(0122-3).jpg,Not Jaundice
rotated_image(0123-1).jpg,Not Jaundice
rotated_image(0123-2).jpg,Not Jaundice
rotated_image(0123-3).jpg,Not Jaundice
rotated_image(0124-1).jpg,Not Jaundice
rotated_image(0124-2).jpg,Not Jaundice
rotated_image(0124-3).jpg,Not Jaundice
rotated_image(0125-1).jpg,Not Jaundice
rotated_image(0125-2).jpg,Not Jaundice
rotated_image(0125-3).jpg,Not Jaundice
rotated_image(0126-1).jpg,Not Jaundice
rotated_image(0126-2).jpg,Not Jaundice
rotated_image(0126-3).jpg,Not Jaundice
rotated_image(0127-1).jpg,Not Jaundice
rotated_image(0127-2).jpg,Not Jaundice
rotated_image(0127-3).jpg,Not Jaundice
rotated_image(0128-1).jpg,Not Jaundice
rotated_image(0128-2).jpg,Jaundice
rotated_image(0128-3).jpg,Not Jaundice
rotated_image(0129-1).jpg,Not Jaundice
rotated_image(0129-2).jpg,Not Jaundice
rotated_image(0129-3).jpg,Not Jaundice
rotated_image(0130-1).jpg,Not Jaundice
rotated_image(0130-2).jpg,Not Jaundice
rotated_image(0130-3).jpg,Not Jaundice
rotated_image(0131-1).jpg,Jaundice
rotated_image(0131-2).jpg,Not Jaundice
rotated_image(0131-3).jpg,Not Jaundice
rotated_image(0134-1).jpg,Not Jaundice
rotated_image(0134-2).jpg,Not Jaundice
rotated_image(0134-3).jpg,Not Jaundice
rotated_image(0135-1).jpg,Not Jaundice
rotated_image(0135-2).jpg,Not Jaundice
rotated_image(0135-3).jpg,Not Jaundice
rotated_image(0137-1).jpg,Not Jaundice
rotated_image(0137-2).jpg,Not Jaundice
rotated_image(0137-3).jpg,Not Jaundice
rotated_image(0139-1).jpg,Not Jaundice
rotated_image(0139-2).jpg,Not Jaundice
rotated_image(0139-3).jpg,Not Jaundice
rotated_image(0140-1).jpg,Not Jaundice
rotated_image(0140-2).jpg,Not Jaundice
rotated_image(0140-3).jpg,Not Jaundice
rotated_image(0141-1).jpg,Not Jaundice
rotated_image(0141-2).jpg,Not Jaundice
rotated_image(0141-3).jpg,Not Jaundice
rotated_image(0142-1).jpg,Not Jaundice
rotated_image(0142-2).jpg,Not Jaundice
rotated_image(0142-3).jpg,Not Jaundice
rotated_image(0143-1).jpg,Not Jaundice
rotated_image(0143-2).jpg,Not Jaundice
rotated_image(0143-3).jpg,Not Jaundice
rotated_image(0144-1).jpg,Not Jaundice
rotated_image(0144-2).jpg,Not Jaundice
rotated_image(0144-3).jpg,Not Jaundice
rotated_image(0146-1).jpg,Not Jaundice
rotated_image(0146-2).jpg,Not Jaundice
rotated_image(0146-3).jpg,Not Jaundice
rotated_image(0147-1).jpg,Not Jaundice
rotated_image(0147-2).jpg,Not Jaundice
rotated_image(0147-3).jpg,Not Jaundice
rotated_image(0148-1).jpg,Not Jaundice
rotated_image(0148-2).jpg,Not Jaundice
rotated_image(0148-3).jpg,Not Jaundice
rotated_image(0149-1).jpg,Not Jaundice
rotated_image(0149-2).jpg,Not Jaundice
rotated_image(0149-3).jpg,Not Jaundice
rotated_image(0150-1).jpg,Not Jaundice
rotated_image(0150-2).jpg,Not Jaundice
rotated_image(0150-3).jpg,Not Jaundice
rotated_image(0153-1).jpg,Not Jaundice
rotated_image(0153-2).jpg,Not Jaundice
rotated_image(0153-3).jpg,Not Jaundice
rotated_image(0156-1).jpg,Not Jaundice
rotated_image(0156-2).jpg,Not Jaundice
rotated_image(0156-3).jpg,Not Jaundice
rotated_image(0160-1).jpg,Not Jaundice
rotated_image(0160-2).jpg,Not Jaundice
rotated_image(0160-3).jpg,Not Jaundice
rotated_image(0161-1).jpg,Not Jaundice
rotated_image(0161-2).jpg,Not Jaundice
rotated_image(0161-3).jpg,Not Jaundice
rotated_image(0163-1).jpg,Not Jaundice
rotated_image(0163-2).jpg,Not Jaundice
rotated_image(0163-3).jpg,Not Jaundice
rotated_image(0167-1).jpg,Not Jaundice
rotated_image(0167-2).jpg,Not Jaundice
rotated_image(0167-3).jpg,Not Jaundice
rotated_image(0168-1).jpg,Not Jaundice
rotated_image(0168-2).jpg,Not Jaundice
rotated_image(0168-3).jpg,Not Jaundice
rotated_image(0169-1).jpg,Not Jaundice
rotated_image(0169-2).jpg,Not Jaundice
rotated_image(0169-3).jpg,Not Jaundice
rotated_image(0176-1).jpg,Not Jaundice
rotated_image(0176-2).jpg,Not Jaundice
rotated_image(0176-3).jpg,Not Jaundice
rotated_image(0178-1).jpg,Not Jaundice
rotated_image(0178-2).jpg,Not Jaundice
rotated_image(0178-3).jpg,Not Jaundice
rotated_image(0180-1).jpg,Not Jaundice
rotated_image(0180-2).jpg,Not Jaundice
rotated_image(0180-3).jpg,Not Jaundice
rotated_image(0182-1).jpg,Not Jaundice
rotated_image(0182-2).jpg,Not Jaundice
rotated_image(0182-3).jpg,Not Jaundice
rotated_image(0183-1).jpg,Not Jaundice
rotated_image(0183-2).jpg,Not Jaundice
rotated_image(0183-3).jpg,Not Jaundice
rotated_image(0184-1).jpg,Not Jaundice
rotated_image(0184-2).jpg,Not Jaundice
rotated_image(0184-3).jpg,Not Jaundice
rotated_image(0185-1).jpg,Not Jaundice
rotated_image(0185-2).jpg,Not Jaundice
rotated_image(0185-3).jpg,Not Jaundice
rotated_image(0187-1).jpg,Not Jaundice
rotated_image(0187-2).jpg,Not Jaundice
rotated_image(0187-3).jpg,Not Jaundice
rotated_image(0188-1).jpg,Not Jaundice
rotated_image(0188-2).jpg,Not Jaundice
rotated_image(0188-3).jpg,Not Jaundice
rotated_image(0191-1).jpg,Not Jaundice
rotated_image(0191-2).jpg,Not Jaundice
rotated_image(0191-3).jpg,Not Jaundice
rotated_image(0192-1).jpg,Not Jaundice
rotated_image(0192-2).jpg,Not Jaundice
rotated_image(0192-3).jpg,Not Jaundice
rotated_image(0197-1).jpg,Not Jaundice
rotated_image(0197-2).jpg,Not Jaundice
rotated_image(0197-3).jpg,Not Jaundice
rotated_image(0198-1).jpg,Not Jaundice
rotated_image(0198-2).jpg,Not Jaundice
rotated_image(0198-3).jpg,Not Jaundice
rotated_image(0202-1).jpg,Not Jaundice
rotated_image(0202-2).jpg,Not Jaundice
rotated_image(0202-3).jpg,Not Jaundice
rotated_image(0203-1).jpg,Not Jaundice
rotated_image(0203-2).jpg,Not Jaundice
rotated_image(0203-3).jpg,Not Jaundice
rotated_image(0208-1).jpg,Not Jaundice
rotated_image(0208-2).jpg,Not Jaundice
rotated_image(0208-3).jpg,Not Jaundice
rotated_image(0214-1).jpg,Not Jaundice
rotated_image(0214-2).jpg,Not Jaundice
rotated_image(0214-3).jpg,Not Jaundice
rotated_image(0217-1).jpg,Not Jaundice
rotated_image(0217-2).jpg,Not Jaundice
rotated_image(0217-3).jpg,Not Jaundice
rotated_image(0219-1).jpg,Not Jaundice
rotated_image(0219-2).jpg,Not Jaundice
rotated_image(0219-3).jpg,Not Jaundice
rotated_image(0222-1).jpg,Not Jaundice
rotated_image(0222-2).jpg,Not Jaundice
rotated_image(0222-3).jpg,Not Jaundice
rotated_image(0225-1).jpg,Not Jaundice
rotated_image(0225-2).jpg,Not Jaundice
rotated_image(0225-3).jpg,Not Jaundice
rotated_image(0226-1).jpg,Not Jaundice
rotated_image(0226-2).jpg,Not Jaundice
rotated_image(0226-3).jpg,Not Jaundice
rotated_image(0228-1).jpg,Not Jaundice
rotated_image(0228-2).jpg,Not Jaundice
rotated_image(0228-3).jpg,Not Jaundice
rotated_image(0233-1).jpg,Not Jaundice
rotated_image(0233-2).jpg,Not Jaundice
rotated_image(0233-3).jpg,Not Jaundice
rotated_image(0235-1).jpg,Not Jaundice
rotated_image(0235-2).jpg,Not Jaundice
rotated_image(0235-3).jpg,Not Jaundice
rotated_image(0236-1).jpg,Not Jaundice
rotated_image(0236-2).jpg,Not Jaundice
rotated_image(0236-3).jpg,Not Jaundice
rotated_image(0240-1).jpg,Not Jaundice
rotated_image(0240-2).jpg,Jaundice
rotated_image(0240-3).jpg,Not Jaundice
rotated_image(0244-1).jpg,Not Jaundice
rotated_image(0244-2).jpg,Not Jaundice
rotated_image(0244-3).jpg,Not Jaundice
rotated_image(0247-1).jpg,Not Jaundice
rotated_image(0247-2).jpg,Not Jaundice
rotated_image(0247-3).jpg,Not Jaundice
rotated_image(0248-1).jpg,Not Jaundice
rotated_image(0248-2).jpg,Not Jaundice
rotated_image(0248-3).jpg,Not Jaundice
rotated_image(0251-1).jpg,Not Jaundice
rotated_image(0251-2).jpg,Not Jaundice
rotated_image(0251-3).jpg,Not Jaundice
rotated_image(0252-1).jpg,Not Jaundice
rotated_image(0252-2).jpg,Not Jaundice
rotated_image(0252-3).jpg,Not Jaundice
rotated_image(0254-1).jpg,Not Jaundice
rotated_image(0254-2).jpg,Not Jaundice
rotated_image(0254-3).jpg,Not Jaundice
rotated_image(0255-1).jpg,Not Jaundice
rotated_image(0255-2).jpg,Not Jaundice
rotated_image(0255-3).jpg,Not Jaundice
rotated_image(0256-1).jpg,Not Jaundice
rotated_image(0256-2).jpg,Not Jaundice
rotated_image(0256-3).jpg,Not Jaundice
rotated_image(0257-1).jpg,Not Jaundice
rotated_image(0257-2).jpg,Not Jaundice
rotated_image(0257-3).jpg,Not Jaundice
rotated_image(0258-1).jpg,Not Jaundice
rotated_image(0258-2).jpg,Not Jaundice
rotated_image(0258-3).jpg,Not Jaundice
rotated_image(0259-1).jpg,Not Jaundice
rotated_image(0259-2).jpg,Not Jaundice
rotated_image(0259-3).jpg,Not Jaundice
rotated_image(0261-1).jpg,Not Jaundice
rotated_image(0261-2).jpg,Not Jaundice
rotated_image(0261-3).jpg,Not Jaundice
rotated_image(0262-1).jpg,Not Jaundice
rotated_image(0262-2).jpg,Not Jaundice
rotated_image(0262-3).jpg,Not Jaundice
rotated_image(0263-1).jpg,Not Jaundice
rotated_image(0263-2).jpg,Not Jaundice
rotated_image(0263-3).jpg,Not Jaundice
rotated_image(0271-1).jpg,Not Jaundice
rotated_image(0271-2).jpg,Not Jaundice
rotated_image(0271-3).jpg,Not Jaundice
rotated_image(0272-1).jpg,Jaundice
rotated_image(0272-2).jpg,Not Jaundice
rotated_image(0272-3).jpg,Not Jaundice
rotated_image(0273-1).jpg,Not Jaundice
rotated_image(0273-2).jpg,Not Jaundice
rotated_image(0273-3).jpg,Not Jaundice
rotated_image(0275-1).jpg,Not Jaundice
rotated_image(0275-2).jpg,Not Jaundice
rotated_image(0275-3).jpg,Not Jaundice
rotated_image(0276-1).jpg,Not Jaundice
rotated_image(0276-2).jpg,Not Jaundice
rotated_image(0276-3).jpg,Not Jaundice
rotated_image(0277-1).jpg,Not Jaundice
rotated_image(0277-2).jpg,Not Jaundice
rotated_image(0277-3).jpg,Not Jaundice
rotated_image(0278-1).jpg,Not Jaundice
rotated_image(0278-2).jpg,Not Jaundice
rotated_image(0278-3).jpg,Not Jaundice
rotated_image(0279-1).jpg,Not Jaundice
rotated_image(0279-2).jpg,Not Jaundice
rotated_image(0279-3).jpg,Not Jaundice
rotated_image(0280-1).jpg,Not Jaundice
rotated_image(0280-2).jpg,Not Jaundice
rotated_image(0280-3).jpg,Not Jaundice
rotated_image(0281-1).jpg,Not Jaundice
rotated_image(0281-2).jpg,Not Jaundice
rotated_image(0281-3).jpg,Not Jaundice
rotated_image(0282-1).jpg,Not Jaundice
rotated_image(0282-2).jpg,Not Jaundice
rotated_image(0282-3).jpg,Not Jaundice
rotated_image(0285-1).jpg,Not Jaundice
rotated_image(0285-2).jpg,Not Jaundice
rotated_image(0285-3).jpg,Not Jaundice
rotated_image(0286-1).jpg,Not Jaundice
rotated_image(0286-2).jpg,Not Jaundice
rotated_image(0286-3).jpg,Not Jaundice
rotated_image(0287-1).jpg,Not Jaundice
rotated_image(0287-2).jpg,Not Jaundice
rotated_image(0287-3).jpg,Not Jaundice
rotated_image(0290-1).jpg,Not Jaundice
rotated_image(0290-2).jpg,Not Jaundice
rotated_image(0290-3).jpg,Not Jaundice
rotated_image(0291-1).jpg,Not Jaundice
rotated_image(0291-2).jpg,Not Jaundice
rotated_image(0291-3).jpg,Not Jaundice
rotated_image(0293-1).jpg,Not Jaundice
rotated_image(0293-2).jpg,Not Jaundice
rotated_image(0293-3).jpg,Not Jaundice
rotated_image(0295-1).jpg,Not Jaundice
rotated_image(0295-2).jpg,Not Jaundice
rotated_image(0295-3).jpg,Not Jaundice
rotated_image(0296-1).jpg,Not Jaundice
rotated_image(0296-2).jpg,Not Jaundice
rotated_image(0296-3).jpg,Not Jaundice
rotated_image(0297-1).jpg,Not Jaundice
rotated_image(0297-2).jpg,Not Jaundice
rotated_image(0297-3).jpg,Not Jaundice
rotated_image(0300-1).jpg,Not Jaundice
rotated_image(0300-2).jpg,Not Jaundice
rotated_image(0300-3).jpg,Not Jaundice
rotated_image(0302-1).jpg,Not Jaundice
rotated_image(0302-2).jpg,Not Jaundice
rotated_image(0302-3).jpg,Not Jaundice
rotated_image(0303-1).jpg,Not Jaundice
rotated_image(0303-2).jpg,Not Jaundice
rotated_image(0303-3).jpg,Not Jaundice
rotated_image(0305-1).jpg,Not Jaundice
rotated_image(0305-2).jpg,Not Jaundice
rotated_image(0305-3).jpg,Not Jaundice
rotated_image(0307-1).jpg,Not Jaundice
rotated_image(0307-2).jpg,Not Jaundice
rotated_image(0307-3).jpg,Not Jaundice
rotated_image(0309-1).jpg,Not Jaundice
rotated_image(0309-2).jpg,Not Jaundice
rotated_image(0309-3).jpg,Not Jaundice
rotated_image(0312-1).jpg,Not Jaundice
rotated_image(0312-2).jpg,Not Jaundice
rotated_image(0312-3).jpg,Not Jaundice
rotated_image(0313-1).jpg,Not Jaundice
rotated_image(0313-2).jpg,Not Jaundice
rotated_image(0313-3).jpg,Not Jaundice
rotated_image(0315-1).jpg,Not Jaundice
rotated_image(0315-2).jpg,Not Jaundice
rotated_image(0315-3).jpg,Not Jaundice
rotated_image(0316-1).jpg,Not Jaundice
rotated_image(0316-2).jpg,Not Jaundice
rotated_image(0316-3).jpg,Not Jaundice
rotated_image(0317-1).jpg,Jaundice
rotated_image(0317-2).jpg,Not Jaundice
rotated_image(0317-3).jpg,Not Jaundice
rotated_image(0319-1).jpg,Not Jaundice
rotated_image(0319-2).jpg,Not Jaundice
rotated_image(0319-3).jpg,Not Jaundice
rotated_image(0330-1).jpg,Not Jaundice
rotated_image(0330-2).jpg,Not Jaundice
rotated_image(0330-3).jpg,Not Jaundice
rotated_image(0331-1).jpg,Not Jaundice
rotated_image(0331-2).jpg,Not Jaundice
rotated_image(0331-3).jpg,Not Jaundice
rotated_image(0332-1).jpg,Not Jaundice
rotated_image(0332-2).jpg,Not Jaundice
rotated_image(0332-3).jpg,Not Jaundice
rotated_image(0333-1).jpg,Not Jaundice
rotated_image(0333-2).jpg,Not Jaundice
rotated_image(0333-3).jpg,Not Jaundice
rotated_image(0335-1).jpg,Not Jaundice
rotated_image(0335-2).jpg,Not Jaundice
rotated_image(0335-3).jpg,Not Jaundice
rotated_image(0336-1).jpg,Not Jaundice
rotated_image(0336-2).jpg,Not Jaundice
rotated_image(0336-3).jpg,Not Jaundice
rotated_image(0338-1).jpg,Not Jaundice
rotated_image(0338-2).jpg,Not Jaundice
rotated_image(0338-3).jpg,Not Jaundice
rotated_image(0339-1).jpg,Not Jaundice
rotated_image(0339-2).jpg,Not Jaundice
rotated_image(0339-3).jpg,Not Jaundice
rotated_image(0342-1).jpg,Not Jaundice
rotated_image(0342-2).jpg,Not Jaundice
rotated_image(0342-3).jpg,Not Jaundice
rotated_image(0345-1).jpg,Not Jaundice
rotated_image(0345-2).jpg,Not Jaundice
rotated_image(0345-3).jpg,Not Jaundice
rotated_image(0346-1).jpg,Not Jaundice
rotated_image(0346-2).jpg,Not Jaundice
rotated_image(0346-3).jpg,Not Jaundice
rotated_image(0347-1).jpg,Not Jaundice
rotated_image(0347-2).jpg,Not Jaundice
rotated_image(0347-3).jpg,Not Jaundice
rotated_image(0353-1).jpg,Not Jaundice
rotated_image(0353-2).jpg,Not Jaundice
rotated_image(0353-3).jpg,Not Jaundice
rotated_image(0354-1).jpg,Not Jaundice
rotated_image(0354-2).jpg,Not Jaundice
rotated_image(0354-3).jpg,Not Jaundice
rotated_image(0355-1).jpg,Not Jaundice
rotated_image(0355-2).jpg,Not Jaundice
rotated_image(0355-3).jpg,Not Jaundice
rotated_image(0356-1).jpg,Not Jaundice
rotated_image(0356-2).jpg,Not Jaundice
rotated_image(0356-3).jpg,Not Jaundice
rotated_image(0358-1).jpg,Not Jaundice
rotated_image(0358-2).jpg,Not Jaundice
rotated_image(0358-3).jpg,Not Jaundice
rotated_image(0359-1).jpg,Not Jaundice
rotated_image(0359-2).jpg,Not Jaundice
rotated_image(0359-3).jpg,Not Jaundice
rotated_image(0363-1).jpg,Not Jaundice
rotated_image(0363-2).jpg,Not Jaundice
rotated_image(0363-3).jpg,Not Jaundice
rotated_image(0368-1).jpg,Not Jaundice
rotated_image(0368-2).jpg,Not Jaundice
rotated_image(0368-3).jpg,Not Jaundice
rotated_image(0370-1).jpg,Not Jaundice
rotated_image(0370-2).jpg,Not Jaundice
rotated_image(0370-3).jpg,Not Jaundice
rotated_image(0371-1).jpg,Not Jaundice
rotated_image(0371-2).jpg,Not Jaundice
rotated_image(0371-3).jpg,Not Jaundice
rotated_image(0372-1).jpg,Not Jaundice
rotated_image(0372-2).jpg,Not Jaundice
rotated_image(0372-3).jpg,Not Jaundice
rotated_image(0373-1).jpg,Not Jaundice
rotated_image(0373-2).jpg,Not Jaundice
rotated_image(0373-3).jpg,Not Jaundice
rotated_image(0374-1).jpg,Not Jaundice
rotated_image(0374-2).jpg,Not Jaundice
rotated_image(0374-3).jpg,Not Jaundice
rotated_image(0381-1).jpg,Not Jaundice
rotated_image(0381-2).jpg,Not Jaundice
rotated_image(0381-3).jpg,Not Jaundice
rotated_image(0383-1).jpg,Not Jaundice
rotated_image(0383-2).jpg,Not Jaundice
rotated_image(0383-3).jpg,Not Jaundice
rotated_image(0384-1).jpg,Not Jaundice
rotated_image(0384-2).jpg,Not Jaundice
rotated_image(0384-3).jpg,Not Jaundice
rotated_image(0386-1).jpg,Not Jaundice
rotated_image(0386-2).jpg,Not Jaundice
rotated_image(0386-3).jpg,Not Jaundice
rotated_image(0389-1).jpg,Not Jaundice
rotated_image(0389-2).jpg,Not Jaundice
rotated_image(0389-3).jpg,Not Jaundice
rotated_image(0392-1).jpg,Not Jaundice
rotated_image(0392-2).jpg,Not Jaundice
rotated_image(0392-3).jpg,Not Jaundice
rotated_image(0395-1).jpg,Not Jaundice
rotated_image(0395-2).jpg,Not Jaundice
rotated_image(0395-3).jpg,Not Jaundice
rotated_image(0398-1).jpg,Not Jaundice
rotated_image(0398-2).jpg,Not Jaundice
rotated_image(0398-3).jpg,Not Jaundice
rotated_image(0407-1).jpg,Jaundice
rotated_image(0407-2).jpg,Not Jaundice
rotated_image(0407-3).jpg,Not Jaundice
rotated_image(0409-1).jpg,Not Jaundice
rotated_image(0409-2).jpg,Not Jaundice
rotated_image(0409-3).jpg,Not Jaundice
rotated_image(0418-1).jpg,Not Jaundice
rotated_image(0418-2).jpg,Not Jaundice
rotated_image(0418-3).jpg,Not Jaundice
rotated_image(0421-1).jpg,Not Jaundice
rotated_image(0421-2).jpg,Not Jaundice
rotated_image(0421-3).jpg,Not Jaundice
rotated_image(0426-1).jpg,Not Jaundice
rotated_image(0426-2).jpg,Not Jaundice
rotated_image(0426-3).jpg,Not Jaundice
rotated_image(0427-1).jpg,Not Jaundice
rotated_image(0427-2).jpg,Not Jaundice
rotated_image(0427-3).jpg,Not Jaundice
rotated_image(0432-1).jpg,Not Jaundice
rotated_image(0432-2).jpg,Not Jaundice
rotated_image(0432-3).jpg,Not Jaundice
rotated_image(0443-1).jpg,Not Jaundice
rotated_image(0443-2).jpg,Not Jaundice
rotated_image(0443-3).jpg,Not Jaundice
rotated_image(0444-1).jpg,Not Jaundice
rotated_image(0444-2).jpg,Not Jaundice
rotated_image(0444-3).jpg,Not Jaundice
rotated_image(0445-1).jpg,Not Jaundice
rotated_image(0445-2).jpg,Not Jaundice
rotated_image(0445-3).jpg,Not Jaundice
rotated_image(0446-1).jpg,Not Jaundice
rotated_image(0446-2).jpg,Not Jaundice
rotated_image(0446-3).jpg,Not Jaundice
rotated_image(0447-1).jpg,Not Jaundice
rotated_image(0447-2).jpg,Not Jaundice
rotated_image(0447-3).jpg,Not Jaundice
rotated_image(0450-1).jpg,Not Jaundice
rotated_image(0450-2).jpg,Not Jaundice
rotated_image(0450-3).jpg,Not Jaundice
rotated_image(0455-1).jpg,Not Jaundice
rotated_image(0455-2).jpg,Not Jaundice
rotated_image(0455-3).jpg,Not Jaundice
rotated_image(0456-1).jpg,Not Jaundice
rotated_image(0456-2).jpg,Not Jaundice
rotated_image(0456-3).jpg,Not Jaundice
rotated_image(0458-1).jpg,Not Jaundice
rotated_image(0458-2).jpg,Not Jaundice
rotated_image(0458-3).jpg,Not Jaundice
rotated_image(0459-1).jpg,Not Jaundice
rotated_image(0459-2).jpg,Not Jaundice
rotated_image(0459-3).jpg,Not Jaundice
rotated_image(0462-1).jpg,Not Jaundice
rotated_image(0462-2).jpg,Not Jaundice
rotated_image(0462-3).jpg,Not Jaundice
rotated_image(0463-1).jpg,Not Jaundice
rotated_image(0463-2).jpg,Not Jaundice
rotated_image(0463-3).jpg,Not Jaundice
rotated_image(0464-1).jpg,Not Jaundice
rotated_image(0464-2).jpg,Not Jaundice
rotated_image(0464-3).jpg,Not Jaundice
rotated_image(0469-1).jpg,Not Jaundice
rotated_image(0469-2).jpg,Not Jaundice
rotated_image(0469-3).jpg,Not Jaundice
rotated_image(0470-1).jpg,Not Jaundice
rotated_image(0470-2).jpg,Not Jaundice
rotated_image(0470-3).jpg,Not Jaundice
rotated_image(0471-1).jpg,Not Jaundice
rotated_image(0471-2).jpg,Not Jaundice
rotated_image(0471-3).jpg,Not Jaundice
rotated_image(0472-1).jpg,Not Jaundice
rotated_image(0472-2).jpg,Not Jaundice
rotated_image(0472-3).jpg,Not Jaundice
rotated_image(0473-1).jpg,Not Jaundice
rotated_image(0473-2).jpg,Not Jaundice
rotated_image(0473-3).jpg,Not Jaundice
rotated_image(0474-1).jpg,Not Jaundice
rotated_image(0474-2).jpg,Not Jaundice
rotated_image(0474-3).jpg,Not Jaundice
rotated_image(0477-1).jpg,Not Jaundice
rotated_image(0477-2).jpg,Not Jaundice
rotated_image(0477-3).jpg,Not Jaundice
rotated_image(0478-1).jpg,Not Jaundice
rotated_image(0478-2).jpg,Not Jaundice
rotated_image(0478-3).jpg,Not Jaundice
rotated_image(0484-1).jpg,Not Jaundice
rotated_image(0484-2).jpg,Not Jaundice
rotated_image(0484-3).jpg,Not Jaundice
rotated_image(0486-1).jpg,Not Jaundice
rotated_image(0486-2).jpg,Not Jaundice
rotated_image(0486-3).jpg,Not Jaundice
rotated_image(0495-1).jpg,Not Jaundice
rotated_image(0495-2).jpg,Not Jaundice
rotated_image(0495-3).jpg,Not Jaundice
rotated_image(0497-1).jpg,Not Jaundice
rotated_image(0497-2).jpg,Not Jaundice
rotated_image(0497-3).jpg,Not Jaundice
rotated_image(0501-1).jpg,Not Jaundice
rotated_image(0501-2).jpg,Not Jaundice
rotated_image(0501-3).jpg,Not Jaundice
rotated_image(0504-1).jpg,Not Jaundice
rotated_image(0504-2).jpg,Not Jaundice
rotated_image(0504-3).jpg,Not Jaundice
rotated_image(0511-1).jpg,Not Jaundice
rotated_image(0511-2).jpg,Not Jaundice
rotated_image(0511-3).jpg,Not Jaundice
rotated_image(0512-1).jpg,Not Jaundice
rotated_image(0512-2).jpg,Not Jaundice
rotated_image(0512-3).jpg,Not Jaundice
rotated_image(0513-1).jpg,Not Jaundice
rotated_image(0513-2).jpg,Not Jaundice
rotated_image(0513-3).jpg,Not Jaundice
rotated_image(0516-1).jpg,Not Jaundice
rotated_image(0516-2).jpg,Not Jaundice
rotated_image(0516-3).jpg,Not Jaundice
rotated_image(0517-1).jpg,Not Jaundice
rotated_image(0517-2).jpg,Not Jaundice
rotated_image(0517-3).jpg,Not Jaundice
rotated_image(0518-1).jpg,Not Jaundice
rotated_image(0518-2).jpg,Not Jaundice
rotated_image(0518-3).jpg,Not Jaundice
rotated_image(0519-1).jpg,Not Jaundice
rotated_image(0519-2).jpg,Not Jaundice
rotated_image(0519-3).jpg,Not Jaundice
rotated_image(0520-1).jpg,Not Jaundice
rotated_image(0520-2).jpg,Not Jaundice
rotated_image(0520-3).jpg,Not Jaundice
rotated_image(0524-1).jpg,Not Jaundice
rotated_image(0524-2).jpg,Not Jaundice
rotated_image(0524-3).jpg,Not Jaundice
rotated_image(0527-1).jpg,Not Jaundice
rotated_image(0527-2).jpg,Not Jaundice
rotated_image(0527-3).jpg,Not Jaundice
rotated_image(0529-1).jpg,Not Jaundice
rotated_image(0529-2).jpg,Not Jaundice
rotated_image(0529-3).jpg,Not Jaundice
rotated_image(0530-1).jpg,Not Jaundice
rotated_image(0530-2).jpg,Not Jaundice
rotated_image(0530-3).jpg,Not Jaundice
rotated_image(0531-1).jpg,Not Jaundice
rotated_image(0531-2).jpg,Not Jaundice
rotated_image(0531-3).jpg,Not Jaundice
rotated_image(0532-1).jpg,Not Jaundice
rotated_image(0532-2).jpg,Not Jaundice
rotated_image(0532-3).jpg,Not Jaundice
rotated_image(0535-1).jpg,Not Jaundice
rotated_image(0535-2).jpg,Not Jaundice
rotated_image(0535-3).jpg,Not Jaundice
rotated_image(0538-1).jpg,Not Jaundice
rotated_image(0538-2).jpg,Not Jaundice
rotated_image(0538-3).jpg,Not Jaundice
rotated_image(0539-1).jpg,Not Jaundice
rotated_image(0539-2).jpg,Not Jaundice
rotated_image(0539-3).jpg,Not Jaundice
rotated_image(0540-1).jpg,Not Jaundice
rotated_image(0540-2).jpg,Not Jaundice
rotated_image(0540-3).jpg,Not Jaundice
rotated_image(0541-1).jpg,Not Jaundice
rotated_image(0541-2).jpg,Not Jaundice
rotated_image(0541-3).jpg,Not Jaundice
rotated_image(0542-1).jpg,Not Jaundice
rotated_image(0542-2).jpg,Not Jaundice
rotated_image(0542-3).jpg,Not Jaundice
rotated_image(0547-1).jpg,Not Jaundice
rotated_image(0547-2).jpg,Not Jaundice
rotated_image(0547-3).jpg,Not Jaundice
rotated_image(0548-1).jpg,Not Jaundice
rotated_image(0548-2).jpg,Not Jaundice
rotated_image(0548-3).jpg,Not Jaundice
rotated_image(0549-1).jpg,Not Jaundice
rotated_image(0549-2).jpg,Not Jaundice
rotated_image(0549-3).jpg,Not Jaundice
rotated_image(0550-1).jpg,Not Jaundice
rotated_image(0550-2).jpg,Not Jaundice
rotated_image(0550-3).jpg,Not Jaundice
rotated_image(0551-1).jpg,Not Jaundice
rotated_image(0551-2).jpg,Not Jaundice
rotated_image(0551-3).jpg,Not Jaundice
rotated_image(0552-1).jpg,Not Jaundice
rotated_image(0552-2).jpg,Not Jaundice
rotated_image(0552-3).jpg,Not Jaundice
rotated_image(0553-1).jpg,Not Jaundice
rotated_image(0553-2).jpg,Not Jaundice
rotated_image(0553-3).jpg,Not Jaundice
rotated_image(0554-1).jpg,Not Jaundice
rotated_image(0554-2).jpg,Not Jaundice
rotated_image(0554-3).jpg,Not Jaundice
rotated_image(0555-1).jpg,Not Jaundice
rotated_image(0555-2).jpg,Not Jaundice
rotated_image(0555-3).jpg,Not Jaundice
rotated_image(0557-1).jpg,Not Jaundice
rotated_image(0557-2).jpg,Not Jaundice
rotated_image(0557-3).jpg,Not Jaundice
rotated_image(0559-1).jpg,Not Jaundice
rotated_image(0559-2).jpg,Not Jaundice
rotated_image(0559-3).jpg,Jaundice
rotated_image(0560-1).jpg,Not Jaundice
rotated_image(0560-2).jpg,Not Jaundice
rotated_image(0560-3).jpg,Not Jaundice
rotated_image(0561-1).jpg,Not Jaundice
rotated_image(0561-2).jpg,Not Jaundice
rotated_image(0561-3).jpg,Not Jaundice
rotated_image(0562-1).jpg,Not Jaundice
rotated_image(0562-2).jpg,Not Jaundice
rotated_image(0562-3).jpg,Not Jaundice
rotated_image(0564-1).jpg,Not Jaundice
rotated_image(0564-2).jpg,Not Jaundice
rotated_image(0564-3).jpg,Not Jaundice
rotated_image(0565-1).jpg,Not Jaundice
rotated_image(0565-2).jpg,Not Jaundice
rotated_image(0565-3).jpg,Not Jaundice
rotated_image(0566-1).jpg,Not Jaundice
rotated_image(0566-2).jpg,Not Jaundice
rotated_image(0566-3).jpg,Not Jaundice
rotated_image(0567-1).jpg,Jaundice
rotated_image(0567-2).jpg,Not Jaundice
rotated_image(0567-3).jpg,Not Jaundice
rotated_image(0568-1).jpg,Not Jaundice
rotated_image(0568-2).jpg,Not Jaundice
rotated_image(0568-3).jpg,Not Jaundice
rotated_image(0569-1).jpg,Not Jaundice
rotated_image(0569-2).jpg,Jaundice
rotated_image(0569-3).jpg,Not Jaundice
rotated_image(0570-1).jpg,Not Jaundice
rotated_image(0570-2).jpg,Not Jaundice
rotated_image(0570-3).jpg,Not Jaundice
rotated_image(0574-1).jpg,Not Jaundice
rotated_image(0574-2).jpg,Not Jaundice
rotated_image(0574-3).jpg,Not Jaundice
rotated_image(0575-1).jpg,Not Jaundice
rotated_image(0575-2).jpg,Not Jaundice
rotated_image(0575-3).jpg,Not Jaundice
rotated_image(0576-1).jpg,Not Jaundice
rotated_image(0576-2).jpg,Not Jaundice
rotated_image(0576-3).jpg,Not Jaundice
rotated_image(0578-1).jpg,Not Jaundice
rotated_image(0578-2).jpg,Not Jaundice
rotated_image(0578-3).jpg,Not Jaundice
rotated_image(0582-1).jpg,Not Jaundice
rotated_image(0582-2).jpg,Not Jaundice
rotated_image(0582-3).jpg,Not Jaundice
rotated_image(0583-1).jpg,Not Jaundice
rotated_image(0583-2).jpg,Not Jaundice
rotated_image(0583-3).jpg,Not Jaundice
rotated_image(0584-1).jpg,Not Jaundice
rotated_image(0584-2).jpg,Not Jaundice
rotated_image(0584-3).jpg,Not Jaundice
rotated_image(0586-1).jpg,Not Jaundice
rotated_image(0586-2).jpg,Not Jaundice
rotated_image(0586-3).jpg,Not Jaundice
rotated_image(0588-1).jpg,Not Jaundice
rotated_image(0588-2).jpg,Not Jaundice
rotated_image(0588-3).jpg,Not Jaundice
rotated_image(0589-1).jpg,Not Jaundice
rotated_image(0589-2).jpg,Jaundice
rotated_image(0589-3).jpg,Not Jaundice
rotated_image(0590-1).jpg,Not Jaundice
rotated_image(0590-2).jpg,Not Jaundice
rotated_image(0590-3).jpg,Not Jaundice
rotated_image(0591-1).jpg,Not Jaundice
rotated_image(0591-2).jpg,Not Jaundice
rotated_image(0591-3).jpg,Not Jaundice
rotated_image(0592-1).jpg,Not Jaundice
rotated_image(0592-2).jpg,Not Jaundice
rotated_image(0592-3).jpg,Not Jaundice
rotated_image(0593-1).jpg,Not Jaundice
rotated_image(0593-2).jpg,Not Jaundice
rotated_image(0593-3).jpg,Not Jaundice
rotated_image(0594-1).jpg,Not Jaundice
rotated_image(0594-2).jpg,Not Jaundice
rotated_image(0594-3).jpg,Not Jaundice
rotated_image(0596-1).jpg,Not Jaundice
rotated_image(0596-2).jpg,Not Jaundice
rotated_image(0596-3).jpg,Not Jaundice
rotated_image(0597-1).jpg,Not Jaundice
rotated_image(0597-2).jpg,Not Jaundice
rotated_image(0597-3).jpg,Not Jaundice
rotated_image(0598-1).jpg,Not Jaundice
rotated_image(0598-2).jpg,Not Jaundice
rotated_image(0598-3).jpg,Not Jaundice
rotated_image(0599-1).jpg,Not Jaundice
rotated_image(0599-2).jpg,Jaundice
rotated_image(0599-3).jpg,Not Jaundice
rotated_image(0601-1).jpg,Not Jaundice
rotated_image(0601-2).jpg,Not Jaundice
rotated_image(0601-3).jpg,Not Jaundice
rotated_image(0602-1).jpg,Not Jaundice
rotated_image(0602-2).jpg,Not Jaundice
rotated_image(0602-3).jpg,Not Jaundice
rotated_image(0604-1).jpg,Not Jaundice
rotated_image(0604-2).jpg,Not Jaundice
rotated_image(0604-3).jpg,Not Jaundice
rotated_image(0611-1).jpg,Not Jaundice
rotated_image(0611-2).jpg,Not Jaundice
rotated_image(0611-3).jpg,Not Jaundice
rotated_image(0612-1).jpg,Not Jaundice
rotated_image(0612-2).jpg,Not Jaundice
rotated_image(0612-3).jpg,Not Jaundice
rotated_image(0618-1).jpg,Not Jaundice
rotated_image(0618-2).jpg,Not Jaundice
rotated_image(0618-3).jpg,Not Jaundice
rotated_image(0625-1).jpg,Not Jaundice
rotated_image(0625-2).jpg,Not Jaundice
rotated_image(0625-3).jpg,Not Jaundice
rotated_image(0631-1).jpg,Not Jaundice
rotated_image(0631-2).jpg,Not Jaundice
rotated_image(0631-3).jpg,Not Jaundice
rotated_image(0633-1).jpg,Not Jaundice
rotated_image(0633-2).jpg,Not Jaundice
rotated_image(0633-3).jpg,Not Jaundice
rotated_image(0637-1).jpg,Not Jaundice
rotated_image(0637-2).jpg,Not Jaundice
rotated_image(0637-3).jpg,Not Jaundice
rotated_image(0639-1).jpg,Not Jaundice
rotated_image(0639-2).jpg,Not Jaundice
rotated_image(0639-3).jpg,Not Jaundice
rotated_image(0641-1).jpg,Not Jaundice
rotated_image(0641-2).jpg,Not Jaundice
rotated_image(0641-3).jpg,Not Jaundice
rotated_image(0643-1).jpg,Not Jaundice
rotated_image(0643-2).jpg,Not Jaundice
rotated_image(0643-3).jpg,Not Jaundice
rotated_image(0650-1).jpg,Not Jaundice
rotated_image(0650-2).jpg,Not Jaundice
rotated_image(0650-3).jpg,Not Jaundice
rotated_image(0652-1).jpg,Not Jaundice
rotated_image(0652-2).jpg,Not Jaundice
rotated_image(0652-3).jpg,Not Jaundice
rotated_image(0653-1).jpg,Not Jaundice
rotated_image(0653-2).jpg,Not Jaundice
rotated_image(0653-3).jpg,Not Jaundice
rotated_image(0654-1).jpg,Not Jaundice
rotated_image(0654-2).jpg,Not Jaundice
rotated_image(0654-3).jpg,Not Jaundice
rotated_image(0657-1).jpg,Not Jaundice
rotated_image(0657-2).jpg,Not Jaundice
rotated_image(0657-3).jpg,Not Jaundice
rotated_image(0661-1).jpg,Not Jaundice
rotated_image(0661-2).jpg,Not Jaundice
rotated_image(0661-3).jpg,Not Jaundice
rotated_image(0662-1).jpg,Not Jaundice
rotated_image(0662-2).jpg,Not Jaundice
rotated_image(0662-3).jpg,Not Jaundice
rotated_image(0665-1).jpg,Not Jaundice
rotated_image(0665-2).jpg,Not Jaundice
rotated_image(0665-3).jpg,Not Jaundice
rotated_image(0667-1).jpg,Not Jaundice
rotated_image(0667-2).jpg,Not Jaundice
rotated_image(0667-3).jpg,Not Jaundice
rotated_image(0668-1).jpg,Not Jaundice
rotated_image(0668-2).jpg,Not Jaundice
rotated_image(0668-3).jpg,Not Jaundice
rotated_image(0669-1).jpg,Not Jaundice
rotated_image(0669-2).jpg,Not Jaundice
rotated_image(0669-3).jpg,Not Jaundice
rotated_image(0671-1).jpg,Not Jaundice
rotated_image(0671-2).jpg,Not Jaundice
rotated_image(0671-3).jpg,Not Jaundice
rotated_image(0672-1).jpg,Not Jaundice
rotated_image(0672-2).jpg,Not Jaundice
rotated_image(0672-3).jpg,Not Jaundice
rotated_image(0673-1).jpg,Not Jaundice
rotated_image(0673-2).jpg,Not Jaundice
rotated_image(0673-3).jpg,Not Jaundice
rotated_image(0678-1).jpg,Not Jaundice
rotated_image(0678-2).jpg,Not Jaundice
rotated_image(0678-3).jpg,Not Jaundice
rotated_image(0680-1).jpg,Not Jaundice
rotated_image(0680-2).jpg,Not Jaundice
rotated_image(0680-3).jpg,Not Jaundice
rotated_image(0681-1).jpg,Not Jaundice
rotated_image(0681-2).jpg,Not Jaundice
rotated_image(0681-3).jpg,Not Jaundice
rotated_image(0682-1).jpg,Not Jaundice
rotated_image(0682-2).jpg,Not Jaundice
rotated_image(0682-3).jpg,Not Jaundice
rotated_image(0685-1).jpg,Not Jaundice
rotated_image(0685-2).jpg,Not Jaundice
rotated_image(0685-3).jpg,Not Jaundice
rotated_image(0686-1).jpg,Not Jaundice
rotated_image(0686-2).jpg,Not Jaundice
rotated_image(0686-3).jpg,Not Jaundice
rotated_image(0691-1).jpg,Not Jaundice
rotated_image(0691-2).jpg,Not Jaundice
rotated_image(0691-3).jpg,Not Jaundice
rotated_image(0692-1).jpg,Not Jaundice
rotated_image(0692-2).jpg,Not Jaundice
rotated_image(0692-3).jpg,Not Jaundice
rotated_image(0694-1).jpg,Not Jaundice
rotated_image(0694-2).jpg,Not Jaundice
rotated_image(0694-3).jpg,Not Jaundice
rotated_image(0696-1).jpg,Not Jaundice
rotated_image(0696-2).jpg,Not Jaundice
rotated_image(0696-3).jpg,Not Jaundice
rotated_image(0699-1).jpg,Not Jaundice
rotated_image(0699-2).jpg,Not Jaundice
rotated_image(0699-3).jpg,Not Jaundice
rotated_image(0701-1).jpg,Not Jaundice
rotated_image(0701-2).jpg,Not Jaundice
rotated_image(0701-3).jpg,Not Jaundice
rotated_image(0702-1).jpg,Not Jaundice
rotated_image(0702-2).jpg,Not Jaundice
rotated_image(0702-3).jpg,Jaundice
rotated_image(0703-1).jpg,Not Jaundice
rotated_image(0703-2).jpg,Not Jaundice
rotated_image(0703-3).jpg,Not Jaundice
rotated_image(0704-1).jpg,Not Jaundice
rotated_image(0704-2).jpg,Not Jaundice
rotated_image(0704-3).jpg,Not Jaundice
rotated_image(0705-1).jpg,Not Jaundice
rotated_image(0705-2).jpg,Not Jaundice
rotated_image(0705-3).jpg,Not Jaundice
rotated_image(0713-1).jpg,Not Jaundice
rotated_image(0713-2).jpg,Not Jaundice
rotated_image(0713-3).jpg,Not Jaundice
rotated_image(0714-1).jpg,Not Jaundice
rotated_image(0714-2).jpg,Not Jaundice
rotated_image(0714-3).jpg,Not Jaundice
rotated_image(0718-1).jpg,Not Jaundice
rotated_image(0718-2).jpg,Not Jaundice
rotated_image(0718-3).jpg,Not Jaundice
rotated_image(0725-1).jpg,Not Jaundice
rotated_image(0725-2).jpg,Not Jaundice
rotated_image(0725-3).jpg,Not Jaundice
rotated_image(0726-1).jpg,Not Jaundice
rotated_image(0726-2).jpg,Not Jaundice
rotated_image(0726-3).jpg,Not Jaundice
rotated_image(0728-1).jpg,Not Jaundice
rotated_image(0728-2).jpg,Not Jaundice
rotated_image(0728-3).jpg,Not Jaundice
rotated_image(0729-1).jpg,Not Jaundice
rotated_image(0729-2).jpg,Not Jaundice
rotated_image(0729-3).jpg,Not Jaundice
rotated_image(0730-1).jpg,Not Jaundice
rotated_image(0730-2).jpg,Not Jaundice
rotated_image(0730-3).jpg,Not Jaundice
rotated_image(0732-1).jpg,Not Jaundice
rotated_image(0732-2).jpg,Not Jaundice
rotated_image(0732-3).jpg,Not Jaundice
rotated_image(0733-1).jpg,Not Jaundice
rotated_image(0733-2).jpg,Not Jaundice
rotated_image(0733-3).jpg,Not Jaundice
rotated_image(0736-1).jpg,Not Jaundice
rotated_image(0736-2).jpg,Not Jaundice
rotated_image(0736-3).jpg,Not Jaundice
rotated_image(0739-1).jpg,Not Jaundice
rotated_image(0739-2).jpg,Not Jaundice
rotated_image(0739-3).jpg,Not Jaundice
rotated_image(0741-1).jpg,Not Jaundice
rotated_image(0741-2).jpg,Not Jaundice
rotated_image(0741-3).jpg,Not Jaundice
rotated_image(0742-1).jpg,Not Jaundice
rotated_image(0742-2).jpg,Not Jaundice
rotated_image(0742-3).jpg,Not Jaundice
rotated_image(0744-1).jpg,Not Jaundice
rotated_image(0744-2).jpg,Not Jaundice
rotated_image(0744-3).jpg,Not Jaundice
rotated_image(0745-1).jpg,Not Jaundice
rotated_image(0745-2).jpg,Not Jaundice
rotated_image(0745-3).jpg,Not Jaundice
rotated_image(0747-1).jpg,Not Jaundice
rotated_image(0747-2).jpg,Not Jaundice
rotated_image(0747-3).jpg,Not Jaundice
rotated_image(0761-1).jpg,Not Jaundice
rotated_image(0761-2).jpg,Not Jaundice
rotated_image(0761-3).jpg,Not Jaundice
rotated_image(0762-1).jpg,Not Jaundice
rotated_image(0762-2).jpg,Not Jaundice
rotated_image(0762-3).jpg,Not Jaundice
rotated_image(0763-1).jpg,Not Jaundice
rotated_image(0763-2).jpg,Not Jaundice
rotated_image(0763-3).jpg,Not Jaundice
rotated_image(0764-1).jpg,Not Jaundice
rotated_image(0764-2).jpg,Not Jaundice
rotated_image(0764-3).jpg,Not Jaundice
rotated_image(0767-1).jpg,Not Jaundice
rotated_image(0767-2).jpg,Not Jaundice
rotated_image(0767-3).jpg,Not Jaundice
rotated_image(0770-1).jpg,Not Jaundice
rotated_image(0770-2).jpg,Not Jaundice
rotated_image(0770-3).jpg,Not Jaundice
rotated_image(0771-1).jpg,Not Jaundice
rotated_image(0771-2).jpg,Not Jaundice
rotated_image(0771-3).jpg,Not Jaundice
rotated_image(0774-1).jpg,Not Jaundice
rotated_image(0774-2).jpg,Not Jaundice
rotated_image(0774-3).jpg,Not Jaundice
rotated_image(0775-1).jpg,Not Jaundice
rotated_image(0775-2).jpg,Not Jaundice
rotated_image(0775-3).jpg,Not Jaundice
rotated_image(0776-1).jpg,Not Jaundice
rotated_image(0776-2).jpg,Not Jaundice
rotated_image(0776-3).jpg,Not Jaundice
rotated_image(0779-1).jpg,Not Jaundice
rotated_image(0779-2).jpg,Not Jaundice
rotated_image(0779-3).jpg,Not Jaundice
rotated_image(0781-1).jpg,Not Jaundice
rotated_image(0781-2).jpg,Not Jaundice
rotated_image(0781-3).jpg,Not Jaundice
rotated_image(0786-1).jpg,Not Jaundice
rotated_image(0786-2).jpg,Not Jaundice
rotated_image(0786-3).jpg,Not Jaundice
rotated_image(0792-1).jpg,Not Jaundice
rotated_image(0792-2).jpg,Not Jaundice
rotated_image(0792-3).jpg,Not Jaundice
rotated_image(0794-1).jpg,Not Jaundice
rotated_image(0794-2).jpg,Not Jaundice
rotated_image(0794-3).jpg,Not Jaundice
rotated_image(0796-1).jpg,Not Jaundice
rotated_image(0796-2).jpg,Not Jaundice
rotated_image(0796-3).jpg,Not Jaundice
rotated_image(0797-1).jpg,Not Jaundice
rotated_image(0797-2).jpg,Not Jaundice
rotated_image(0797-3).jpg,Not Jaundice
rotated_image(0798-1).jpg,Not Jaundice
rotated_image(0798-2).jpg,Not Jaundice
rotated_image(0798-3).jpg,Not Jaundice
rotated_image(0800-1).jpg,Not Jaundice
rotated_image(0800-2).jpg,Not Jaundice
rotated_image(0800-3).jpg,Not Jaundice
rotated_image(0801-1).jpg,Not Jaundice
rotated_image(0801-2).jpg,Not Jaundice
rotated_image(0801-3).jpg,Not Jaundice
rotated_image(0802-1).jpg,Not Jaundice
rotated_image(0802-2).jpg,Not Jaundice
rotated_image(0802-3).jpg,Not Jaundice
rotated_image(0803-1).jpg,Not Jaundice
rotated_image(0803-2).jpg,Not Jaundice
rotated_image(0803-3).jpg,Not Jaundice
rotated_image(0804-1).jpg,Not Jaundice
rotated_image(0804-2).jpg,Not Jaundice
rotated_image(0804-3).jpg,Not Jaundice
rotated_image(0809-1).jpg,Not Jaundice
rotated_image(0809-2).jpg,Not Jaundice
rotated_image(0809-3).jpg,Not Jaundice
rotated_image(0812-1).jpg,Not Jaundice
rotated_image(0812-2).jpg,Not Jaundice
rotated_image(0812-3).jpg,Not Jaundice
rotated_image(0823-1).jpg,Not Jaundice
rotated_image(0823-2).jpg,Not Jaundice
rotated_image(0823-3).jpg,Not Jaundice
rotated_image(0824-1).jpg,Not Jaundice
rotated_image(0824-2).jpg,Not Jaundice
rotated_image(0824-3).jpg,Not Jaundice
rotated_image(0825-1).jpg,Jaundice
rotated_image(0825-2).jpg,Not Jaundice
rotated_image(0825-3).jpg,Not Jaundice
rotated_image(0829-1).jpg,Not Jaundice
rotated_image(0829-2).jpg,Not Jaundice
rotated_image(0829-3).jpg,Not Jaundice
rotated_image(0832-1).jpg,Not Jaundice
rotated_image(0832-2).jpg,Not Jaundice
rotated_image(0832-3).jpg,Not Jaundice
rotated_image(0833-1).jpg,Not Jaundice
rotated_image(0833-2).jpg,Not Jaundice
rotated_image(0833-3).jpg,Not Jaundice
rotated_image(0834-1).jpg,Not Jaundice
rotated_image(0834-2).jpg,Not Jaundice
rotated_image(0834-3).jpg,Not Jaundice
rotated_image(0835-1).jpg,Not Jaundice
rotated_image(0835-2).jpg,Not Jaundice
rotated_image(0835-3).jpg,Not Jaundice
rotated_image(0837-1).jpg,Not Jaundice
rotated_image(0837-2).jpg,Not Jaundice
rotated_image(0837-3).jpg,Not Jaundice
rotated_image(0841-1).jpg,Not Jaundice
rotated_image(0841-2).jpg,Not Jaundice
rotated_image(0841-3).jpg,Not Jaundice
rotated_image(0842-1).jpg,Not Jaundice
rotated_image(0842-2).jpg,Not Jaundice
rotated_image(0842-3).jpg,Not Jaundice
rotated_image(0848-1).jpg,Not Jaundice
rotated_image(0848-2).jpg,Not Jaundice
rotated_image(0848-3).jpg,Not Jaundice
rotated_image(0850-1).jpg,Not Jaundice
rotated_image(0850-2).jpg,Not Jaundice
rotated_image(0850-3).jpg,Not Jaundice
rotated_image(0851-1).jpg,Not Jaundice
rotated_image(0851-2).jpg,Not Jaundice
rotated_image(0851-3).jpg,Not Jaundice
rotated_image(0856-1).jpg,Not Jaundice
rotated_image(0856-2).jpg,Not Jaundice
rotated_image(0856-3).jpg,Not Jaundice
rotated_image(0861-1).jpg,Not Jaundice
rotated_image(0861-2).jpg,Not Jaundice
rotated_image(0861-3).jpg,Not Jaundice
rotated_image(0864-1).jpg,Not Jaundice
rotated_image(0864-2).jpg,Not Jaundice
rotated_image(0864-3).jpg,Not Jaundice
rotated_image(0867-1).jpg,Not Jaundice
rotated_image(0867-2).jpg,Not Jaundice
rotated_image(0867-3).jpg,Not Jaundice
rotated_image(0869-1).jpg,Not Jaundice
rotated_image(0869-2).jpg,Not Jaundice
rotated_image(0869-3).jpg,Not Jaundice
rotated_image(0871-1).jpg,Not Jaundice
rotated_image(0871-2).jpg,Not Jaundice
rotated_image(0871-3).jpg,Not Jaundice
rotated_image(0872-1).jpg,Not Jaundice
rotated_image(0872-2).jpg,Not Jaundice
rotated_image(0872-3).jpg,Not Jaundice
rotated_image(0876-1).jpg,Not Jaundice
rotated_image(0876-2).jpg,Not Jaundice
rotated_image(0876-3).jpg,Not Jaundice
rotated_image(0877-1).jpg,Not Jaundice
rotated_image(0877-2).jpg,Not Jaundice
rotated_image(0877-3).jpg,Not Jaundice
rotated_image(0880-1).jpg,Not Jaundice
rotated_image(0880-2).jpg,Not Jaundice
rotated_image(0880-3).jpg,Not Jaundice
rotated_image(0884-1).jpg,Not Jaundice
rotated_image(0884-2).jpg,Not Jaundice
rotated_image(0884-3).jpg,Not Jaundice
rotated_image(0885-1).jpg,Not Jaundice
rotated_image(0885-2).jpg,Not Jaundice
rotated_image(0885-3).jpg,Not Jaundice
rotated_image(0886-1).jpg,Not Jaundice
rotated_image(0886-2).jpg,Not Jaundice
rotated_image(0886-3).jpg,Not Jaundice
rotated_image(0893-1).jpg,Not Jaundice
rotated_image(0893-2).jpg,Not Jaundice
rotated_image(0893-3).jpg,Not Jaundice
rotated_image(0900-1).jpg,Not Jaundice
rotated_image(0900-2).jpg,Not Jaundice
rotated_image(0900-3).jpg,Not Jaundice
rotated_image(0901-1).jpg,Not Jaundice
rotated_image(0901-2).jpg,Not Jaundice
rotated_image(0901-3).jpg,Not Jaundice
rotated_image(0902-1).jpg,Not Jaundice
rotated_image(0902-2).jpg,Not Jaundice
rotated_image(0902-3).jpg,Not Jaundice
rotated_image(0903-1).jpg,Not Jaundice
rotated_image(0903-2).jpg,Not Jaundice
rotated_image(0903-3).jpg,Not Jaundice
rotated_image(0908-1).jpg,Not Jaundice
rotated_image(0908-2).jpg,Not Jaundice
rotated_image(0908-3).jpg,Not Jaundice
rotated_image(0914-1).jpg,Not Jaundice
rotated_image(0914-2).jpg,Not Jaundice
rotated_image(0914-3).jpg,Not Jaundice
rotated_image(0915-1).jpg,Not Jaundice
rotated_image(0915-2).jpg,Not Jaundice
rotated_image(0915-3).jpg,Not Jaundice
rotated_image(0920-1).jpg,Not Jaundice
rotated_image(0920-2).jpg,Not Jaundice
rotated_image(0920-3).jpg,Not Jaundice
rotated_image(0929-1).jpg,Not Jaundice
rotated_image(0929-2).jpg,Not Jaundice
rotated_image(0929-3).jpg,Not Jaundice
rotated_image(0931-1).jpg,Not Jaundice
rotated_image(0931-2).jpg,Jaundice
rotated_image(0931-3).jpg,Not Jaundice
rotated_image(0933-1).jpg,Not Jaundice
rotated_image(0933-2).jpg,Not Jaundice
rotated_image(0933-3).jpg,Not Jaundice
rotated_image(0934-1).jpg,Not Jaundice
rotated_image(0934-2).jpg,Not Jaundice
rotated_image(0934-3).jpg,Not Jaundice
rotated_image(0936-1).jpg,Not Jaundice
rotated_image(0936-2).jpg,Not Jaundice
rotated_image(0936-3).jpg,Not Jaundice
rotated_image(0937-1).jpg,Not Jaundice
rotated_image(0937-2).jpg,Not Jaundice
rotated_image(0937-3).jpg,Not Jaundice
rotated_image(0938-1).jpg,Not Jaundice
rotated_image(0938-2).jpg,Not Jaundice
rotated_image(0938-3).jpg,Not Jaundice
rotated_image(0939-1).jpg,Not Jaundice
rotated_image(0939-2).jpg,Not Jaundice
rotated_image(0939-3).jpg,Jaundice
rotated_image(0940-1).jpg,Not Jaundice
rotated_image(0940-2).jpg,Not Jaundice
rotated_image(0940-3).jpg,Not Jaundice
rotated_image(0943-1).jpg,Not Jaundice
rotated_image(0943-2).jpg,Not Jaundice
rotated_image(0943-3).jpg,Not Jaundice
rotated_image(0946-1).jpg,Not Jaundice
rotated_image(0946-2).jpg,Not Jaundice
rotated_image(0946-3).jpg,Not Jaundice
rotated_image(0948-1).jpg,Not Jaundice
rotated_image(0948-2).jpg,Not Jaundice
rotated_image(0948-3).jpg,Not Jaundice
rotated_image(0949-1).jpg,Not Jaundice
rotated_image(0949-2).jpg,Not Jaundice
rotated_image(0949-3).jpg,Not Jaundice
rotated_image(0950-1).jpg,Not Jaundice
rotated_image(0950-2).jpg,Not Jaundice
rotated_image(0950-3).jpg,Not Jaundice
rotated_image(0951-1).jpg,Not Jaundice
rotated_image(0951-2).jpg,Not Jaundice
rotated_image(0951-3).jpg,Not Jaundice
rotated_image(0952-1).jpg,Not Jaundice
rotated_image(0952-2).jpg,Not Jaundice
rotated_image(0952-3).jpg,Not Jaundice
rotated_image(0954-1).jpg,Not Jaundice
rotated_image(0954-2).jpg,Not Jaundice
rotated_image(0954-3).jpg,Not Jaundice
rotated_image(0955-1).jpg,Not Jaundice
rotated_image(0955-2).jpg,Not Jaundice
rotated_image(0955-3).jpg,Not Jaundice
rotated_image(0960-1).jpg,Not Jaundice
rotated_image(0960-2).jpg,Not Jaundice
rotated_image(0960-3).jpg,Not Jaundice
rotated_image(0963-1).jpg,Jaundice
rotated_image(0963-2).jpg,Jaundice
rotated_image(0963-3).jpg,Not Jaundice
rotated_image(0964-1).jpg,Not Jaundice
rotated_image(0964-2).jpg,Not Jaundice
rotated_image(0964-3).jpg,Not Jaundice
rotated_image(0965-1).jpg,Not Jaundice
rotated_image(0965-2).jpg,Not Jaundice
rotated_image(0965-3).jpg,Not Jaundice
rotated_image(0966-1).jpg,Not Jaundice
rotated_image(0966-2).jpg,Jaundice
rotated_image(0966-3).jpg,Not Jaundice
rotated_image(0968-1).jpg,Not Jaundice
rotated_image(0968-2).jpg,Not Jaundice
rotated_image(0968-3).jpg,Not Jaundice
rotated_image(0970-1).jpg,Not Jaundice
rotated_image(0970-2).jpg,Not Jaundice
rotated_image(0970-3).jpg,Not Jaundice
rotated_image(0971-1).jpg,Not Jaundice
rotated_image(0971-2).jpg,Not Jaundice
rotated_image(0971-3).jpg,Not Jaundice
rotated_image(0972-1).jpg,Not Jaundice
rotated_image(0972-2).jpg,Not Jaundice
rotated_image(0972-3).jpg,Not Jaundice
rotated_image(0973-1).jpg,Not Jaundice
rotated_image(0973-2).jpg,Not Jaundice
rotated_image(0973-3).jpg,Not Jaundice
rotated_image(0974-1).jpg,Not Jaundice
rotated_image(0974-2).jpg,Not Jaundice
rotated_image(0974-3).jpg,Not Jaundice
rotated_image(0975-1).jpg,Not Jaundice
rotated_image(0975-2).jpg,Not Jaundice
rotated_image(0975-3).jpg,Not Jaundice
rotated_image(0978-1).jpg,Not Jaundice
rotated_image(0978-2).jpg,Not Jaundice
rotated_image(0978-3).jpg,Not Jaundice
rotated_image(0979-1).jpg,Not Jaundice
rotated_image(0979-2).jpg,Not Jaundice
rotated_image(0979-3).jpg,Not Jaundice
rotated_image(0980-1).jpg,Not Jaundice
rotated_image(0980-2).jpg,Not Jaundice
rotated_image(0980-3).jpg,Not Jaundice
rotated_image(0981-1).jpg,Not Jaundice
rotated_image(0981-2).jpg,Not Jaundice
rotated_image(0981-3).jpg,Not Jaundice
rotated_image(0982-1).jpg,Not Jaundice
rotated_image(0982-2).jpg,Not Jaundice
rotated_image(0982-3).jpg,Not Jaundice
rotated_image(0983-1).jpg,Not Jaundice
rotated_image(0983-2).jpg,Not Jaundice
rotated_image(0983-3).jpg,Not Jaundice
rotated_image(0984-1).jpg,Not Jaundice
rotated_image(0984-2).jpg,Jaundice
rotated_image(0984-3).jpg,Not Jaundice
rotated_image(0985-1).jpg,Not Jaundice
rotated_image(0985-2).jpg,Not Jaundice
rotated_image(0985-3).jpg,Not Jaundice
rotated_image(0986-1).jpg,Not Jaundice
rotated_image(0986-2).jpg,Not Jaundice
rotated_image(0986-3).jpg,Not Jaundice
rotated_image(0987-1).jpg,Not Jaundice
rotated_image(0987-2).jpg,Not Jaundice
rotated_image(0987-3).jpg,Not Jaundice
rotated_image(0988-1).jpg,Not Jaundice
rotated_image(0988-2).jpg,Not Jaundice
rotated_image(0988-3).jpg,Not Jaundice
rotated_image(0989-1).jpg,Not Jaundice
rotated_image(0989-2).jpg,Not Jaundice
rotated_image(0989-3).jpg,Not Jaundice
rotated_image(0990-1).jpg,Not Jaundice
rotated_image(0990-2).jpg,Not Jaundice
rotated_image(0990-3).jpg,Not Jaundice
rotated_image(0992-1).jpg,Not Jaundice
rotated_image(0992-2).jpg,Not Jaundice
rotated_image(0992-3).jpg,Not Jaundice
rotated_image(0993-1).jpg,Not Jaundice
rotated_image(0993-2).jpg,Not Jaundice
rotated_image(0993-3).jpg,Not Jaundice
rotated_image(0994-1).jpg,Not Jaundice
rotated_image(0994-2).jpg,Not Jaundice
rotated_image(0994-3).jpg,Not Jaundice
rotated_image(0995-1).jpg,Not Jaundice
rotated_image(0995-2).jpg,Not Jaundice
rotated_image(0995-3).jpg,Not Jaundice
rotated_image(0996-1).jpg,Not Jaundice
rotated_image(0996-2).jpg,Not Jaundice
rotated_image(0996-3).jpg,Not Jaundice
rotated_image(0997-1).jpg,Not Jaundice
rotated_image(0997-2).jpg,Not Jaundice
rotated_image(0997-3).jpg,Not Jaundice
rotated_image(0998-1).jpg,Not Jaundice
rotated_image(0998-2).jpg,Not Jaundice
rotated_image(0998-3).jpg,Not Jaundice
rotated_image(1003-1).jpg,Not Jaundice
rotated_image(1003-2).jpg,Not Jaundice
rotated_image(1003-3).jpg,Not Jaundice
rotated_image(1004-1).jpg,Not Jaundice
rotated_image(1004-2).jpg,Not Jaundice
rotated_image(1004-3).jpg,Not Jaundice
rotated_image(1006-1).jpg,Not Jaundice
rotated_image(1006-2).jpg,Not Jaundice
rotated_image(1006-3).jpg,Not Jaundice
rotated_image(1007-1).jpg,Not Jaundice
rotated_image(1007-2).jpg,Not Jaundice
rotated_image(1007-3).jpg,Not Jaundice
rotated_image(1008-1).jpg,Jaundice
rotated_image(1008-2).jpg,Not Jaundice
rotated_image(1008-3).jpg,Not Jaundice
rotated_image(1009-1).jpg,Not Jaundice
rotated_image(1009-2).jpg,Not Jaundice
rotated_image(1009-3).jpg,Not Jaundice
rotated_image(1010-1).jpg,Not Jaundice
rotated_image(1010-2).jpg,Not Jaundice
rotated_image(1010-3).jpg,Not Jaundice
rotated_image(1011-1).jpg,Not Jaundice
rotated_image(1011-2).jpg,Not Jaundice
rotated_image(1011-3).jpg,Not Jaundice
rotated_image(1012-1).jpg,Not Jaundice
rotated_image(1012-2).jpg,Not Jaundice
rotated_image(1012-3).jpg,Not Jaundice
rotated_image(1013-1).jpg,Not Jaundice
rotated_image(1013-2).jpg,Not Jaundice
rotated_image(1013-3).jpg,Not Jaundice
rotated_image(1014-1).jpg,Not Jaundice
rotated_image(1014-2).jpg,Not Jaundice
rotated_image(1014-3).jpg,Not Jaundice
rotated_image(1016-1).jpg,Not Jaundice
rotated_image(1016-2).jpg,Not Jaundice
rotated_image(1016-3).jpg,Not Jaundice
rotated_image(1018-1).jpg,Not Jaundice
rotated_image(1018-2).jpg,Not Jaundice
rotated_image(1018-3).jpg,Not Jaundice
rotated_image(1020-1).jpg,Not Jaundice
rotated_image(1020-2).jpg,Not Jaundice
rotated_image(1020-3).jpg,Not Jaundice
rotated_image(1021-1).jpg,Not Jaundice
rotated_image(1021-2).jpg,Not Jaundice
rotated_image(1021-3).jpg,Not Jaundice
rotated_image(1022-1).jpg,Not Jaundice
rotated_image(1022-2).jpg,Not Jaundice
rotated_image(1022-3).jpg,Not Jaundice
rotated_image(1023-1).jpg,Not Jaundice
rotated_image(1023-2).jpg,Not Jaundice
rotated_image(1023-3).jpg,Not Jaundice
rotated_image(1024-1).jpg,Not Jaundice
rotated_image(1024-2).jpg,Not Jaundice
rotated_image(1024-3).jpg,Not Jaundice
rotated_image(1025-1).jpg,Not Jaundice
rotated_image(1025-2).jpg,Not Jaundice
rotated_image(1025-3).jpg,Not Jaundice
rotated_image(1026-1).jpg,Not Jaundice
rotated_image(1026-2).jpg,Not Jaundice
rotated_image(1026-3).jpg,Not Jaundice
rotated_image(1027-1).jpg,Not Jaundice
rotated_image(1027-2).jpg,Jaundice
rotated_image(1027-3).jpg,Not Jaundice
rotated_image(1029-1).jpg,Not Jaundice
rotated_image(1029-2).jpg,Not Jaundice
rotated_image(1029-3).jpg,Not Jaundice
rotated_image(1030-1).jpg,Not Jaundice
rotated_image(1030-2).jpg,Not Jaundice
rotated_image(1030-3).jpg,Not Jaundice
rotated_image(1031-1).jpg,Not Jaundice
rotated_image(1031-2).jpg,Not Jaundice
rotated_image(1031-3).jpg,Not Jaundice
rotated_image(1032-1).jpg,Not Jaundice
rotated_image(1032-2).jpg,Not Jaundice
rotated_image(1032-3).jpg,Not Jaundice
rotated_image(1033-1).jpg,Not Jaundice
rotated_image(1033-2).jpg,Not Jaundice
rotated_image(1033-3).jpg,Not Jaundice
rotated_image(1034-1).jpg,Not Jaundice
rotated_image(1034-2).jpg,Jaundice
rotated_image(1034-3).jpg,Not Jaundice
rotated_image(1037-1).jpg,Not Jaundice
rotated_image(1037-2).jpg,Not Jaundice
rotated_image(1037-3).jpg,Not Jaundice
rotated_image(1038-1).jpg,Not Jaundice
rotated_image(1038-2).jpg,Not Jaundice
rotated_image(1038-3).jpg,Not Jaundice
rotated_image(1039-1).jpg,Not Jaundice
rotated_image(1039-2).jpg,Not Jaundice
rotated_image(1039-3).jpg,Not Jaundice
rotated_image(1040-1).jpg,Not Jaundice
rotated_image(1040-2).jpg,Not Jaundice
rotated_image(1040-3).jpg,Not Jaundice
rotated_image(1041-1).jpg,Not Jaundice
rotated_image(1041-2).jpg,Not Jaundice
rotated_image(1041-3).jpg,Not Jaundice
rotated_image(1043-1).jpg,Not Jaundice
rotated_image(1043-2).jpg,Not Jaundice
rotated_image(1043-3).jpg,Not Jaundice
rotated_image(1044-1).jpg,Not Jaundice
rotated_image(1044-2).jpg,Not Jaundice
rotated_image(1044-3).jpg,Not Jaundice
rotated_image(1046-1).jpg,Not Jaundice
rotated_image(1046-2).jpg,Not Jaundice
rotated_image(1046-3).jpg,Not Jaundice
rotated_image(1047-1).jpg,Not Jaundice
rotated_image(1047-2).jpg,Not Jaundice
rotated_image(1047-3).jpg,Not Jaundice
rotated_image(1048-1).jpg,Not Jaundice
rotated_image(1048-2).jpg,Not Jaundice
rotated_image(1048-3).jpg,Not Jaundice
rotated_image(1050-1).jpg,Not Jaundice
rotated_image(1050-2).jpg,Not Jaundice
rotated_image(1050-3).jpg,Not Jaundice
rotated_image(1051-1).jpg,Not Jaundice
rotated_image(1051-2).jpg,Not Jaundice
rotated_image(1051-3).jpg,Not Jaundice
rotated_image(1053-1).jpg,Not Jaundice
rotated_image(1053-2).jpg,Not Jaundice
rotated_image(1053-3).jpg,Not Jaundice
rotated_image(1055-1).jpg,Not Jaundice
rotated_image(1055-2).jpg,Not Jaundice
rotated_image(1055-3).jpg,Not Jaundice
rotated_image(1056-1).jpg,Not Jaundice
rotated_image(1056-2).jpg,Not Jaundice
rotated_image(1056-3).jpg,Not Jaundice
rotated_image(1057-1).jpg,Not Jaundice
rotated_image(1057-2).jpg,Not Jaundice
rotated_image(1057-3).jpg,Not Jaundice
rotated_image(1058-1).jpg,Not Jaundice
rotated_image(1058-2).jpg,Not Jaundice
rotated_image(1058-3).jpg,Not Jaundice
rotated_image(1059-1).jpg,Not Jaundice
rotated_image(1059-2).jpg,Not Jaundice
rotated_image(1059-3).jpg,Not Jaundice
rotated_image(1062-1).jpg,Not Jaundice
rotated_image(1062-2).jpg,Not Jaundice
rotated_image(1062-3).jpg,Not Jaundice
rotated_image(1063-1).jpg,Not Jaundice
rotated_image(1063-2).jpg,Not Jaundice
rotated_image(1063-3).jpg,Not Jaundice
rotated_image(1065-1).jpg,Not Jaundice
rotated_image(1065-2).jpg,Not Jaundice
rotated_image(1065-3).jpg,Not Jaundice
rotated_image(1066-1).jpg,Not Jaundice
rotated_image(1066-2).jpg,Not Jaundice
rotated_image(1066-3).jpg,Not Jaundice
rotated_image(1067-1).jpg,Not Jaundice
rotated_image(1067-2).jpg,Not Jaundice
rotated_image(1067-3).jpg,Not Jaundice
rotated_image(1068-1).jpg,Not Jaundice
rotated_image(1068-2).jpg,Not Jaundice
rotated_image(1068-3).jpg,Not Jaundice
rotated_image(1070-1).jpg,Not Jaundice
rotated_image(1070-2).jpg,Not Jaundice
rotated_image(1070-3).jpg,Not Jaundice
rotated_image(1074-1).jpg,Not Jaundice
rotated_image(1074-2).jpg,Not Jaundice
rotated_image(1074-3).jpg,Not Jaundice
rotated_image(1077-1).jpg,Not Jaundice
rotated_image(1077-2).jpg,Not Jaundice
rotated_image(1077-3).jpg,Not Jaundice
rotated_image(1079-1).jpg,Not Jaundice
rotated_image(1079-2).jpg,Jaundice
rotated_image(1079-3).jpg,Not Jaundice
rotated_image(1080-1).jpg,Not Jaundice
rotated_image(1080-2).jpg,Not Jaundice
rotated_image(1080-3).jpg,Not Jaundice
rotated_image(1081-1).jpg,Not Jaundice
rotated_image(1081-2).jpg,Not Jaundice
rotated_image(1081-3).jpg,Not Jaundice
rotated_image(1082-1).jpg,Not Jaundice
rotated_image(1082-2).jpg,Not Jaundice
rotated_image(1082-3).jpg,Not Jaundice
rotated_image(1085-1).jpg,Not Jaundice
rotated_image(1085-2).jpg,Not Jaundice
rotated_image(1085-3).jpg,Not Jaundice
rotated_image(1088-1).jpg,Not Jaundice
rotated_image(1088-2).jpg,Not Jaundice
rotated_image(1088-3).jpg,Not Jaundice
rotated_image(1089-1).jpg,Not Jaundice
rotated_image(1089-2).jpg,Not Jaundice
rotated_image(1089-3).jpg,Not Jaundice
rotated_image(1091-1).jpg,Not Jaundice
rotated_image(1091-2).jpg,Not Jaundice
rotated_image(1091-3).jpg,Not Jaundice
rotated_image(1096-1).jpg,Not Jaundice
rotated_image(1096-2).jpg,Not Jaundice
rotated_image(1096-3).jpg,Not Jaundice
rotated_image(1097-1).jpg,Not Jaundice
rotated_image(1097-2).jpg,Not Jaundice
rotated_image(1097-3).jpg,Not Jaundice
rotated_image(1098-1).jpg,Not Jaundice
rotated_image(1098-2).jpg,Not Jaundice
rotated_image(1098-3).jpg,Not Jaundice
rotated_image(1099-1).jpg,Not Jaundice
rotated_image(1099-2).jpg,Not Jaundice
rotated_image(1099-3).jpg,Not Jaundice
rotated_image(1100-1).jpg,Not Jaundice
rotated_image(1100-2).jpg,Not Jaundice
rotated_image(1100-3).jpg,Not Jaundice
rotated_image(1101-1).jpg,Not Jaundice
rotated_image(1101-2).jpg,Not Jaundice
rotated_image(1101-3).jpg,Not Jaundice
rotated_image(1102-1).jpg,Not Jaundice
rotated_image(1102-2).jpg,Not Jaundice
rotated_image(1102-3).jpg,Not Jaundice
rotated_image(1103-1).jpg,Not Jaundice
rotated_image(1103-2).jpg,Not Jaundice
rotated_image(1103-3).jpg,Not Jaundice
rotated_image(1104-1).jpg,Not Jaundice
rotated_image(1104-2).jpg,Not Jaundice
rotated_image(1104-3).jpg,Not Jaundice
rotated_image(1106-1).jpg,Not Jaundice
rotated_image(1106-2).jpg,Not Jaundice
rotated_image(1106-3).jpg,Not Jaundice
rotated_image(1107-1).jpg,Not Jaundice
rotated_image(1107-2).jpg,Not Jaundice
rotated_image(1107-3).jpg,Not Jaundice
rotated_image(1111-1).jpg,Not Jaundice
rotated_image(1111-2).jpg,Not Jaundice
rotated_image(1111-3).jpg,Not Jaundice
rotated_image(1112-1).jpg,Not Jaundice
rotated_image(1112-2).jpg,Not Jaundice
rotated_image(1112-3).jpg,Not Jaundice
rotated_image(1113-1).jpg,Not Jaundice
rotated_image(1113-2).jpg,Not Jaundice
rotated_image(1113-3).jpg,Not Jaundice
rotated_image(1114-1).jpg,Not Jaundice
rotated_image(1114-2).jpg,Not Jaundice
rotated_image(1114-3).jpg,Not Jaundice
rotated_image(1115-1).jpg,Not Jaundice
rotated_image(1115-2).jpg,Not Jaundice
rotated_image(1115-3).jpg,Not Jaundice
rotated_image(1116-1).jpg,Not Jaundice
rotated_image(1116-2).jpg,Not Jaundice
rotated_image(1116-3).jpg,Not Jaundice
rotated_image(1117-1).jpg,Not Jaundice
rotated_image(1117-2).jpg,Not Jaundice
rotated_image(1117-3).jpg,Not Jaundice
rotated_image(1120-1).jpg,Not Jaundice
rotated_image(1120-2).jpg,Not Jaundice
rotated_image(1120-3).jpg,Not Jaundice
rotated_image(1124-1).jpg,Not Jaundice
rotated_image(1124-2).jpg,Not Jaundice
rotated_image(1124-3).jpg,Not Jaundice
rotated_image(1125-1).jpg,Not Jaundice
rotated_image(1125-2).jpg,Not Jaundice
rotated_image(1125-3).jpg,Not Jaundice
rotated_image(1126-1).jpg,Not Jaundice
rotated_image(1126-2).jpg,Not Jaundice
rotated_image(1126-3).jpg,Not Jaundice
rotated_image(1127-1).jpg,Not Jaundice
rotated_image(1127-2).jpg,Not Jaundice
rotated_image(1127-3).jpg,Not Jaundice
rotated_image(1128-1).jpg,Not Jaundice
rotated_image(1128-2).jpg,Jaundice
rotated_image(1128-3).jpg,Not Jaundice
rotated_image(1136-1).jpg,Not Jaundice
rotated_image(1136-2).jpg,Not Jaundice
rotated_image(1136-3).jpg,Not Jaundice
rotated_image(1137-1).jpg,Not Jaundice
rotated_image(1137-2).jpg,Not Jaundice
rotated_image(1137-3).jpg,Not Jaundice
rotated_image(1138-1).jpg,Not Jaundice
rotated_image(1138-2).jpg,Not Jaundice
rotated_image(1138-3).jpg,Not Jaundice
rotated_image(1139-1).jpg,Not Jaundice
rotated_image(1139-2).jpg,Not Jaundice
rotated_image(1139-3).jpg,Not Jaundice
rotated_image(1140-1).jpg,Jaundice
rotated_image(1140-2).jpg,Not Jaundice
rotated_image(1140-3).jpg,Not Jaundice
rotated_image(1141-1).jpg,Not Jaundice
rotated_image(1141-2).jpg,Not Jaundice
rotated_image(1141-3).jpg,Not Jaundice
rotated_image(1145-1).jpg,Not Jaundice
rotated_image(1145-2).jpg,Not Jaundice
rotated_image(1145-3).jpg,Not Jaundice
rotated_image(1146-1).jpg,Not Jaundice
rotated_image(1146-2).jpg,Not Jaundice
rotated_image(1146-3).jpg,Not Jaundice
rotated_image(1148-1).jpg,Jaundice
rotated_image(1148-2).jpg,Not Jaundice
rotated_image(1148-3).jpg,Not Jaundice
rotated_image(1149-1).jpg,Not Jaundice
rotated_image(1149-2).jpg,Not Jaundice
rotated_image(1149-3).jpg,Not Jaundice
rotated_image(1150-1).jpg,Not Jaundice
rotated_image(1150-2).jpg,Not Jaundice
rotated_image(1150-3).jpg,Not Jaundice
rotated_image(1151-1).jpg,Not Jaundice
rotated_image(1151-2).jpg,Not Jaundice
rotated_image(1151-3).jpg,Not Jaundice
rotated_image(1152-1).jpg,Not Jaundice
rotated_image(1152-2).jpg,Not Jaundice
rotated_image(1152-3).jpg,Not Jaundice
rotated_image(1154-1).jpg,Not Jaundice
rotated_image(1154-2).jpg,Not Jaundice
rotated_image(1154-3).jpg,Not Jaundice
rotated_image(1155-1).jpg,Not Jaundice
rotated_image(1155-2).jpg,Not Jaundice
rotated_image(1155-3).jpg,Not Jaundice
rotated_image(1156-1).jpg,Not Jaundice
rotated_image(1156-2).jpg,Not Jaundice
rotated_image(1156-3).jpg,Not Jaundice
rotated_image(1158-1).jpg,Not Jaundice
rotated_image(1158-2).jpg,Not Jaundice
rotated_image(1158-3).jpg,Not Jaundice
rotated_image(1159-1).jpg,Not Jaundice
rotated_image(1159-2).jpg,Not Jaundice
rotated_image(1159-3).jpg,Not Jaundice
rotated_image(1160-1).jpg,Not Jaundice
rotated_image(1160-2).jpg,Not Jaundice
rotated_image(1160-3).jpg,Not Jaundice
rotated_image(1162-1).jpg,Not Jaundice
rotated_image(1162-2).jpg,Not Jaundice
rotated_image(1162-3).jpg,Not Jaundice
rotated_image(1164-1).jpg,Not Jaundice
rotated_image(1164-2).jpg,Not Jaundice
rotated_image(1164-3).jpg,Jaundice
rotated_image(1166-1).jpg,Not Jaundice
rotated_image(1166-2).jpg,Not Jaundice
rotated_image(1166-3).jpg,Not Jaundice
rotated_image(1167-1).jpg,Not Jaundice
rotated_image(1167-2).jpg,Not Jaundice
rotated_image(1167-3).jpg,Not Jaundice
rotated_image(1168-1).jpg,Not Jaundice
rotated_image(1168-2).jpg,Not Jaundice
rotated_image(1168-3).jpg,Not Jaundice
rotated_image(1169-1).jpg,Not Jaundice
rotated_image(1169-2).jpg,Not Jaundice
rotated_image(1169-3).jpg,Not Jaundice
rotated_image(1170-1).jpg,Not Jaundice
rotated_image(1170-2).jpg,Not Jaundice
rotated_image(1170-3).jpg,Not Jaundice
rotated_image(1171-1).jpg,Jaundice
rotated_image(1171-2).jpg,Not Jaundice
rotated_image(1171-3).jpg,Not Jaundice
rotated_image(1174-1).jpg,Not Jaundice
rotated_image(1174-2).jpg,Not Jaundice
rotated_image(1174-3).jpg,Not Jaundice
rotated_image(1175-1).jpg,Not Jaundice
rotated_image(1175-2).jpg,Not Jaundice
rotated_image(1175-3).jpg,Not Jaundice
rotated_image(1178-1).jpg,Not Jaundice
rotated_image(1178-2).jpg,Not Jaundice
rotated_image(1178-3).jpg,Not Jaundice
rotated_image(1179-1).jpg,Not Jaundice
rotated_image(1179-2).jpg,Not Jaundice
rotated_image(1179-3).jpg,Not Jaundice
rotated_image(1180-1).jpg,Not Jaundice
rotated_image(1180-2).jpg,Not Jaundice
rotated_image(1180-3).jpg,Not Jaundice
rotated_image(1181-1).jpg,Not Jaundice
rotated_image(1181-2).jpg,Jaundice
rotated_image(1181-3).jpg,Not Jaundice
rotated_image(1182-1).jpg,Not Jaundice
rotated_image(1182-2).jpg,Not Jaundice
rotated_image(1182-3).jpg,Not Jaundice
rotated_image(1184-1).jpg,Not Jaundice
rotated_image(1184-2).jpg,Not Jaundice
rotated_image(1184-3).jpg,Not Jaundice
rotated_image(1185-1).jpg,Not Jaundice
rotated_image(1185-2).jpg,Not Jaundice
rotated_image(1185-3).jpg,Not Jaundice
rotated_image(1186-1).jpg,Not Jaundice
rotated_image(1186-2).jpg,Not Jaundice
rotated_image(1186-3).jpg,Not Jaundice
rotated_image(1188-1).jpg,Not Jaundice
rotated_image(1188-2).jpg,Not Jaundice
rotated_image(1188-3).jpg,Not Jaundice
rotated_image(1190-1).jpg,Not Jaundice
rotated_image(1190-2).jpg,Not Jaundice
rotated_image(1190-3).jpg,Not Jaundice
rotated_image(1191-1).jpg,Not Jaundice
rotated_image(1191-2).jpg,Not Jaundice
rotated_image(1191-3).jpg,Not Jaundice
rotated_image(1192-1).jpg,Not Jaundice
rotated_image(1192-2).jpg,Not Jaundice
rotated_image(1192-3).jpg,Not Jaundice
rotated_image(1193-1).jpg,Not Jaundice
rotated_image(1193-2).jpg,Not Jaundice
rotated_image(1193-3).jpg,Not Jaundice
rotated_image(1194-1).jpg,Not Jaundice
rotated_image(1194-2).jpg,Not Jaundice
rotated_image(1194-3).jpg,Not Jaundice
rotated_image(1195-1).jpg,Not Jaundice
rotated_image(1195-2).jpg,Not Jaundice
rotated_image(1195-3).jpg,Not Jaundice
rotated_image(1196-1).jpg,Not Jaundice
rotated_image(1196-2).jpg,Not Jaundice
rotated_image(1196-3).jpg,Not Jaundice
rotated_image(1198-1).jpg,Not Jaundice
rotated_image(1198-2).jpg,Not Jaundice
rotated_image(1198-3).jpg,Not Jaundice
rotated_image(1202-1).jpg,Not Jaundice
rotated_image(1202-2).jpg,Not Jaundice
rotated_image(1202-3).jpg,Not Jaundice
rotated_image(1203-1).jpg,Not Jaundice
rotated_image(1203-2).jpg,Not Jaundice
rotated_image(1203-3).jpg,Not Jaundice
rotated_image(1204-1).jpg,Not Jaundice
rotated_image(1204-2).jpg,Not Jaundice
rotated_image(1204-3).jpg,Not Jaundice
rotated_image(1205-1).jpg,Not Jaundice
rotated_image(1205-2).jpg,Not Jaundice
rotated_image(1205-3).jpg,Not Jaundice
rotated_image(1206-1).jpg,Not Jaundice
rotated_image(1206-2).jpg,Not Jaundice
rotated_image(1206-3).jpg,Not Jaundice
rotated_image(1207-1).jpg,Not Jaundice
rotated_image(1207-2).jpg,Not Jaundice
rotated_image(1207-3).jpg,Not Jaundice
rotated_image(1208-1).jpg,Not Jaundice
rotated_image(1208-2).jpg,Not Jaundice
rotated_image(1208-3).jpg,Not Jaundice
rotated_image(1209-1).jpg,Not Jaundice
rotated_image(1209-2).jpg,Not Jaundice
rotated_image(1209-3).jpg,Not Jaundice
rotated_image(1210-1).jpg,Not Jaundice
rotated_image(1210-2).jpg,Not Jaundice
rotated_image(1210-3).jpg,Not Jaundice
rotated_image(1211-1).jpg,Not Jaundice
rotated_image(1211-2).jpg,Not Jaundice
rotated_image(1211-3).jpg,Not Jaundice
rotated_image(1212-1).jpg,Not Jaundice
rotated_image(1212-2).jpg,Not Jaundice
rotated_image(1212-3).jpg,Not Jaundice
rotated_image(1213-1).jpg,Not Jaundice
rotated_image(1213-2).jpg,Not Jaundice
rotated_image(1213-3).jpg,Not Jaundice
rotated_image(1214-1).jpg,Not Jaundice
rotated_image(1214-2).jpg,Not Jaundice
rotated_image(1214-3).jpg,Not Jaundice
rotated_image(1215-1).jpg,Not Jaundice
rotated_image(1215-2).jpg,Not Jaundice
rotated_image(1215-3).jpg,Not Jaundice
rotated_image(1218-1).jpg,Not Jaundice
rotated_image(1218-2).jpg,Not Jaundice
rotated_image(1218-3).jpg,Not Jaundice
rotated_image(1219-1).jpg,Not Jaundice
rotated_image(1219-2).jpg,Not Jaundice
rotated_image(1219-3).jpg,Not Jaundice
rotated_image(1220-1).jpg,Not Jaundice
rotated_image(1220-2).jpg,Not Jaundice
rotated_image(1220-3).jpg,Not Jaundice
rotated_image(1221-1).jpg,Not Jaundice
rotated_image(1221-2).jpg,Not Jaundice
rotated_image(1221-3).jpg,Not Jaundice
rotated_image(1222-1).jpg,Not Jaundice
rotated_image(1222-2).jpg,Not Jaundice
rotated_image(1222-3).jpg,Not Jaundice
rotated_image(1223-1).jpg,Not Jaundice
rotated_image(1223-2).jpg,Not Jaundice
rotated_image(1223-3).jpg,Not Jaundice
rotated_image(1224-1).jpg,Not Jaundice
rotated_image(1224-2).jpg,Not Jaundice
rotated_image(1224-3).jpg,Not Jaundice
rotated_image(1225-1).jpg,Not Jaundice
rotated_image(1225-2).jpg,Not Jaundice
rotated_image(1225-3).jpg,Not Jaundice
rotated_image(1226-1).jpg,Not Jaundice
rotated_image(1226-2).jpg,Not Jaundice
rotated_image(1226-3).jpg,Jaundice
rotated_image(1227-1).jpg,Not Jaundice
rotated_image(1227-2).jpg,Not Jaundice
rotated_image(1227-3).jpg,Jaundice
rotated_image(1228-1).jpg,Not Jaundice
rotated_image(1228-2).jpg,Not Jaundice
rotated_image(1228-3).jpg,Not Jaundice
rotated_image(1229-1).jpg,Not Jaundice
rotated_image(1229-2).jpg,Not Jaundice
rotated_image(1229-3).jpg,Not Jaundice
rotated_image(1230-1).jpg,Not Jaundice
rotated_image(1230-2).jpg,Not Jaundice
rotated_image(1230-3).jpg,Not Jaundice
rotated_image(1232-1).jpg,Not Jaundice
rotated_image(1232-2).jpg,Not Jaundice
rotated_image(1232-3).jpg,Not Jaundice
rotated_image(1233-1).jpg,Not Jaundice
rotated_image(1233-2).jpg,Not Jaundice
rotated_image(1233-3).jpg,Not Jaundice
rotated_image(1234-1).jpg,Not Jaundice
rotated_image(1234-2).jpg,Not Jaundice
rotated_image(1234-3).jpg,Not Jaundice
rotated_image(1235-1).jpg,Not Jaundice
rotated_image(1235-2).jpg,Not Jaundice
rotated_image(1235-3).jpg,Not Jaundice
rotated_image(1236-1).jpg,Not Jaundice
rotated_image(1236-2).jpg,Not Jaundice
rotated_image(1236-3).jpg,Not Jaundice
rotated_image(1237-1).jpg,Not Jaundice
rotated_image(1237-2).jpg,Not Jaundice
rotated_image(1237-3).jpg,Not Jaundice
rotated_image(1238-1).jpg,Not Jaundice
rotated_image(1238-2).jpg,Not Jaundice
rotated_image(1238-3).jpg,Not Jaundice
rotated_image(1239-1).jpg,Not Jaundice
rotated_image(1239-2).jpg,Not Jaundice
rotated_image(1239-3).jpg,Not Jaundice
rotated_image(1240-1).jpg,Not Jaundice
rotated_image(1240-2).jpg,Not Jaundice
rotated_image(1240-3).jpg,Not Jaundice
rotated_image(1241-1).jpg,Not Jaundice
rotated_image(1241-2).jpg,Not Jaundice
rotated_image(1241-3).jpg,Not Jaundice
rotated_image(1242-1).jpg,Not Jaundice
rotated_image(1242-2).jpg,Not Jaundice
rotated_image(1242-3).jpg,Not Jaundice
rotated_image(1243-1).jpg,Not Jaundice
rotated_image(1243-2).jpg,Not Jaundice
rotated_image(1243-3).jpg,Not Jaundice
rotated_image(1244-1).jpg,Not Jaundice
rotated_image(1244-2).jpg,Not Jaundice
rotated_image(1244-3).jpg,Not Jaundice
rotated_image(1245-1).jpg,Not Jaundice
rotated_image(1245-2).jpg,Not Jaundice
rotated_image(1245-3).jpg,Not Jaundice
rotated_image(1246-1).jpg,Not Jaundice
rotated_image(1246-2).jpg,Not Jaundice
rotated_image(1246-3).jpg,Not Jaundice
rotated_image(1247-1).jpg,Not Jaundice
rotated_image(1247-2).jpg,Not Jaundice
rotated_image(1247-3).jpg,Not Jaundice
rotated_image(1248-1).jpg,Not Jaundice
rotated_image(1248-2).jpg,Not Jaundice
rotated_image(1248-3).jpg,Not Jaundice
rotated_image(1249-1).jpg,Not Jaundice
rotated_image(1249-2).jpg,Not Jaundice
rotated_image(1249-3).jpg,Not Jaundice
rotated_image(1250-1).jpg,Not Jaundice
rotated_image(1250-2).jpg,Not Jaundice
rotated_image(1250-3).jpg,Jaundice
rotated_image(1251-1).jpg,Not Jaundice
rotated_image(1251-2).jpg,Not Jaundice
rotated_image(1251-3).jpg,Not Jaundice
rotated_image(1252-1).jpg,Not Jaundice
rotated_image(1252-2).jpg,Not Jaundice
rotated_image(1252-3).jpg,Not Jaundice
rotated_image(1253-1).jpg,Not Jaundice
rotated_image(1253-2).jpg,Not Jaundice
rotated_image(1253-3).jpg,Not Jaundice
rotated_image(1254-1).jpg,Not Jaundice
rotated_image(1254-2).jpg,Not Jaundice
rotated_image(1254-3).jpg,Not Jaundice
rotated_image(1255-1).jpg,Not Jaundice
rotated_image(1255-2).jpg,Not Jaundice
rotated_image(1255-3).jpg,Not Jaundice
rotated_image(1257-1).jpg,Not Jaundice
rotated_image(1257-2).jpg,Jaundice
rotated_image(1257-3).jpg,Not Jaundice
rotated_image(1258-1).jpg,Not Jaundice
rotated_image(1258-2).jpg,Not Jaundice
rotated_image(1258-3).jpg,Not Jaundice
rotated_image(1259-1).jpg,Not Jaundice
rotated_image(1259-2).jpg,Not Jaundice
rotated_image(1259-3).jpg,Not Jaundice
rotated_image(1260-1).jpg,Not Jaundice
rotated_image(1260-2).jpg,Not Jaundice
rotated_image(1260-3).jpg,Not Jaundice
rotated_image(1261-1).jpg,Not Jaundice
rotated_image(1261-2).jpg,Not Jaundice
rotated_image(1261-3).jpg,Not Jaundice
rotated_image(1262-1).jpg,Not Jaundice
rotated_image(1262-2).jpg,Not Jaundice
rotated_image(1262-3).jpg,Jaundice
rotated_image(1263-1).jpg,Not Jaundice
rotated_image(1263-2).jpg,Not Jaundice
rotated_image(1263-3).jpg,Not Jaundice
rotated_image(1264-1).jpg,Not Jaundice
rotated_image(1264-2).jpg,Not Jaundice
rotated_image(1264-3).jpg,Not Jaundice
rotated_image(1265-1).jpg,Not Jaundice
rotated_image(1265-2).jpg,Not Jaundice
rotated_image(1265-3).jpg,Not Jaundice
rotated_image(1266-1).jpg,Not Jaundice
rotated_image(1266-2).jpg,Not Jaundice
rotated_image(1266-3).jpg,Jaundice
rotated_image(1267-1).jpg,Not Jaundice
rotated_image(1267-2).jpg,Not Jaundice
rotated_image(1267-3).jpg,Not Jaundice
rotated_image(1268-1).jpg,Not Jaundice
rotated_image(1268-2).jpg,Not Jaundice
rotated_image(1268-3).jpg,Not Jaundice
rotated_image(1269-1).jpg,Not Jaundice
rotated_image(1269-2).jpg,Not Jaundice
rotated_image(1269-3).jpg,Not Jaundice
rotated_image(1270-1).jpg,Not Jaundice
rotated_image(1270-2).jpg,Not Jaundice
rotated_image(1270-3).jpg,Not Jaundice
rotated_image(1271-1).jpg,Not Jaundice
rotated_image(1271-2).jpg,Not Jaundice
rotated_image(1271-3).jpg,Not Jaundice
rotated_image(1272-1).jpg,Not Jaundice
rotated_image(1272-2).jpg,Not Jaundice
rotated_image(1272-3).jpg,Not Jaundice
rotated_image(1273-1).jpg,Not Jaundice
rotated_image(1273-2).jpg,Not Jaundice
rotated_image(1273-3).jpg,Not Jaundice
rotated_image(1274-1).jpg,Not Jaundice
rotated_image(1274-2).jpg,Not Jaundice
rotated_image(1274-3).jpg,Jaundice
rotated_image(1275-1).jpg,Not Jaundice
rotated_image(1275-2).jpg,Not Jaundice
rotated_image(1275-3).jpg,Not Jaundice
rotated_image(1276-1).jpg,Not Jaundice
rotated_image(1276-2).jpg,Not Jaundice
rotated_image(1276-3).jpg,Not Jaundice
rotated_image(1277-1).jpg,Not Jaundice
rotated_image(1277-2).jpg,Not Jaundice
rotated_image(1277-3).jpg,Not Jaundice
rotated_image(1278-1).jpg,Not Jaundice
rotated_image(1278-2).jpg,Not Jaundice
rotated_image(1278-3).jpg,Not Jaundice
rotated_image(1279-1).jpg,Not Jaundice
rotated_image(1279-2).jpg,Not Jaundice
rotated_image(1279-3).jpg,Not Jaundice
rotated_image(1280-1).jpg,Not Jaundice
rotated_image(1280-2).jpg,Not Jaundice
rotated_image(1280-3).jpg,Not Jaundice
rotated_image(1281-1).jpg,Not Jaundice
rotated_image(1281-2).jpg,Not Jaundice
rotated_image(1281-3).jpg,Not Jaundice
rotated_image(1282-1).jpg,Not Jaundice
rotated_image(1282-2).jpg,Not Jaundice
rotated_image(1282-3).jpg,Not Jaundice
rotated_image(1283-1).jpg,Not Jaundice
rotated_image(1283-2).jpg,Not Jaundice
rotated_image(1283-3).jpg,Not Jaundice
rotated_image(1284-1).jpg,Not Jaundice
rotated_image(1284-2).jpg,Not Jaundice
rotated_image(1284-3).jpg,Not Jaundice
rotated_image(1285-1).jpg,Not Jaundice
rotated_image(1285-2).jpg,Not Jaundice
rotated_image(1285-3).jpg,Not Jaundice
rotated_image(1286-1).jpg,Not Jaundice
rotated_image(1286-2).jpg,Not Jaundice
rotated_image(1286-3).jpg,Not Jaundice
rotated_image(1287-1).jpg,Not Jaundice
rotated_image(1287-2).jpg,Not Jaundice
rotated_image(1287-3).jpg,Not Jaundice
rotated_image(1288-1).jpg,Not Jaundice
rotated_image(1288-2).jpg,Not Jaundice
rotated_image(1288-3).jpg,Not Jaundice
rotated_image(1289-1).jpg,Not Jaundice
rotated_image(1289-2).jpg,Not Jaundice
rotated_image(1289-3).jpg,Not Jaundice
rotated_image(1290-1).jpg,Not Jaundice
rotated_image(1290-2).jpg,Not Jaundice
rotated_image(1290-3).jpg,Not Jaundice
rotated_image(1291-1).jpg,Not Jaundice
rotated_image(1291-2).jpg,Not Jaundice
rotated_image(1291-3).jpg,Not Jaundice
rotated_image(1292-1).jpg,Not Jaundice
rotated_image(1292-2).jpg,Not Jaundice
rotated_image(1292-3).jpg,Not Jaundice
rotated_image(1293-1).jpg,Not Jaundice
rotated_image(1293-2).jpg,Not Jaundice
rotated_image(1293-3).jpg,Not Jaundice
rotated_image(1294-1).jpg,Not Jaundice
rotated_image(1294-2).jpg,Not Jaundice
rotated_image(1294-3).jpg,Not Jaundice
rotated_image(1295-1).jpg,Not Jaundice
rotated_image(1295-2).jpg,Not Jaundice
rotated_image(1295-3).jpg,Not Jaundice
rotated_image(1296-1).jpg,Not Jaundice
rotated_image(1296-2).jpg,Not Jaundice
rotated_image(1296-3).jpg,Not Jaundice
rotated_image(1297-1).jpg,Not Jaundice
rotated_image(1297-2).jpg,Not Jaundice
rotated_image(1297-3).jpg,Not Jaundice
rotated_image(1298-1).jpg,Not Jaundice
rotated_image(1298-2).jpg,Not Jaundice
rotated_image(1298-3).jpg,Not Jaundice
rotated_image(1299-1).jpg,Not Jaundice
rotated_image(1299-2).jpg,Not Jaundice
rotated_image(1299-3).jpg,Not Jaundice
rotated_image(1300-1).jpg,Not Jaundice
rotated_image(1300-2).jpg,Not Jaundice
rotated_image(1300-3).jpg,Not Jaundice
rotated_image(1301-1).jpg,Not Jaundice
rotated_image(1301-2).jpg,Not Jaundice
rotated_image(1301-3).jpg,Not Jaundice
rotated_image(1302-1).jpg,Not Jaundice
rotated_image(1302-2).jpg,Not Jaundice
rotated_image(1302-3).jpg,Not Jaundice
rotated_image(1303-1).jpg,Not Jaundice
rotated_image(1303-2).jpg,Not Jaundice
rotated_image(1303-3).jpg,Not Jaundice
rotated_image(1304-1).jpg,Not Jaundice
rotated_image(1304-2).jpg,Not Jaundice
rotated_image(1304-3).jpg,Not Jaundice
rotated_image(1305-1).jpg,Jaundice
rotated_image(1305-2).jpg,Not Jaundice
rotated_image(1305-3).jpg,Not Jaundice
rotated_image(1306-1).jpg,Not Jaundice
rotated_image(1306-2).jpg,Not Jaundice
rotated_image(1306-3).jpg,Not Jaundice
rotated_image(1307-1).jpg,Not Jaundice
rotated_image(1307-2).jpg,Not Jaundice
rotated_image(1307-3).jpg,Not Jaundice
rotated_image(1308-1).jpg,Not Jaundice
rotated_image(1308-2).jpg,Not Jaundice
rotated_image(1308-3).jpg,Not Jaundice
rotated_image(1309-1).jpg,Not Jaundice
rotated_image(1309-2).jpg,Not Jaundice
rotated_image(1309-3).jpg,Not Jaundice
rotated_image(1310-1).jpg,Not Jaundice
rotated_image(1310-2).jpg,Not Jaundice
rotated_image(1310-3).jpg,Not Jaundice
rotated_image(1311-1).jpg,Not Jaundice
rotated_image(1311-2).jpg,Not Jaundice
rotated_image(1311-3).jpg,Not Jaundice
rotated_image(1313-1).jpg,Not Jaundice
rotated_image(1313-2).jpg,Not Jaundice
rotated_image(1313-3).jpg,Not Jaundice
rotated_image(1314-1).jpg,Not Jaundice
rotated_image(1314-2).jpg,Not Jaundice
rotated_image(1314-3).jpg,Not Jaundice
rotated_image(1315-1).jpg,Not Jaundice
rotated_image(1315-2).jpg,Not Jaundice
rotated_image(1315-3).jpg,Not Jaundice
rotated_image(1316-1).jpg,Not Jaundice
rotated_image(1316-2).jpg,Not Jaundice
rotated_image(1316-3).jpg,Not Jaundice
rotated_image(1317-1).jpg,Not Jaundice
rotated_image(1317-2).jpg,Not Jaundice
rotated_image(1317-3).jpg,Not Jaundice
rotated_image(1318-1).jpg,Not Jaundice
rotated_image(1318-2).jpg,Not Jaundice
rotated_image(1318-3).jpg,Not Jaundice
rotated_image(1319-1).jpg,Not Jaundice
rotated_image(1319-2).jpg,Not Jaundice
rotated_image(1319-3).jpg,Not Jaundice
rotated_image(1320-1).jpg,Not Jaundice
rotated_image(1320-2).jpg,Not Jaundice
rotated_image(1320-3).jpg,Not Jaundice
rotated_image(1321-1).jpg,Not Jaundice
rotated_image(1321-2).jpg,Not Jaundice
rotated_image(1321-3).jpg,Not Jaundice
rotated_image(1322-1).jpg,Not Jaundice
rotated_image(1322-2).jpg,Not Jaundice
rotated_image(1322-3).jpg,Not Jaundice
rotated_image(1323-1).jpg,Not Jaundice
rotated_image(1323-2).jpg,Not Jaundice
rotated_image(1323-3).jpg,Not Jaundice
rotated_image(1324-1).jpg,Not Jaundice
rotated_image(1324-2).jpg,Not Jaundice
rotated_image(1324-3).jpg,Not Jaundice
rotated_image(1325-1).jpg,Not Jaundice
rotated_image(1325-2).jpg,Not Jaundice
rotated_image(1325-3).jpg,Not Jaundice
rotated_image(1326-1).jpg,Not Jaundice
rotated_image(1326-2).jpg,Not Jaundice
rotated_image(1326-3).jpg,Not Jaundice
rotated_image(1327-1).jpg,Not Jaundice
rotated_image(1327-2).jpg,Not Jaundice
rotated_image(1327-3).jpg,Not Jaundice
rotated_image(1328-1).jpg,Not Jaundice
rotated_image(1328-2).jpg,Not Jaundice
rotated_image(1328-3).jpg,Not Jaundice
rotated_image(1329-1).jpg,Not Jaundice
rotated_image(1329-2).jpg,Not Jaundice
rotated_image(1329-3).jpg,Not Jaundice
rotated_image(1330-1).jpg,Not Jaundice
rotated_image(1330-2).jpg,Not Jaundice
rotated_image(1330-3).jpg,Not Jaundice
rotated_image(1332-1).jpg,Not Jaundice
rotated_image(1332-2).jpg,Jaundice
rotated_image(1332-3).jpg,Not Jaundice
rotated_image(1333-1).jpg,Not Jaundice
rotated_image(1333-2).jpg,Not Jaundice
rotated_image(1333-3).jpg,Not Jaundice
rotated_image(1334-1).jpg,Not Jaundice
rotated_image(1334-2).jpg,Not Jaundice
rotated_image(1334-3).jpg,Not Jaundice
rotated_image(1335-1).jpg,Not Jaundice
rotated_image(1335-2).jpg,Not Jaundice
rotated_image(1335-3).jpg,Not Jaundice
rotated_image(1336-1).jpg,Not Jaundice
rotated_image(1336-2).jpg,Not Jaundice
rotated_image(1336-3).jpg,Not Jaundice
rotated_image(1337-1).jpg,Not Jaundice
rotated_image(1337-2).jpg,Not Jaundice
rotated_image(1337-3).jpg,Not Jaundice
rotated_image(1338-1).jpg,Not Jaundice
rotated_image(1338-2).jpg,Not Jaundice
rotated_image(1338-3).jpg,Not Jaundice
rotated_image(1339-1).jpg,Not Jaundice
rotated_image(1339-2).jpg,Not Jaundice
rotated_image(1339-3).jpg,Not Jaundice
rotated_image(1340-1).jpg,Not Jaundice
rotated_image(1340-2).jpg,Not Jaundice
rotated_image(1340-3).jpg,Not Jaundice
rotated_image(1341-1).jpg,Not Jaundice
rotated_image(1341-2).jpg,Not Jaundice
rotated_image(1341-3).jpg,Not Jaundice
rotated_image(1342-1).jpg,Not Jaundice
rotated_image(1342-2).jpg,Not Jaundice
rotated_image(1342-3).jpg,Not Jaundice
rotated_image(1343-1).jpg,Not Jaundice
rotated_image(1343-2).jpg,Not Jaundice
rotated_image(1343-3).jpg,Not Jaundice
rotated_image(1344-1).jpg,Not Jaundice
rotated_image(1344-2).jpg,Not Jaundice
rotated_image(1344-3).jpg,Not Jaundice
rotated_image(1345-1).jpg,Not Jaundice
rotated_image(1345-2).jpg,Not Jaundice
rotated_image(1345-3).jpg,Not Jaundice
rotated_image(1346-1).jpg,Not Jaundice
rotated_image(1346-2).jpg,Not Jaundice
rotated_image(1346-3).jpg,Not Jaundice
rotated_image(1347-1).jpg,Not Jaundice
rotated_image(1347-2).jpg,Not Jaundice
rotated_image(1347-3).jpg,Not Jaundice
rotated_image(1348-1).jpg,Not Jaundice
rotated_image(1348-2).jpg,Not Jaundice
rotated_image(1348-3).jpg,Not Jaundice
rotated_image(1349-1).jpg,Not Jaundice
rotated_image(1349-2).jpg,Not Jaundice
rotated_image(1349-3).jpg,Not Jaundice
rotated_image(1350-1).jpg,Not Jaundice
rotated_image(1350-2).jpg,Not Jaundice
rotated_image(1350-3).jpg,Not Jaundice
rotated_image(1351-1).jpg,Not Jaundice
rotated_image(1351-2).jpg,Not Jaundice
rotated_image(1351-3).jpg,Not Jaundice
